seed,step,model,feature_set,n_features,val_score,params,val_rmse,val_mae,val_spearman,val_bias,val_top5_hit_rate,val_top10_hit_rate,val_top20_hit_rate,val_strong_n,val_strong_mae,val_strong_rmse,val_strong_bias,test_rmse,test_mae,test_spearman,test_bias,test_top5_hit_rate,test_top10_hit_rate,test_top20_hit_rate,test_strong_n,test_strong_mae,test_strong_rmse,test_strong_bias,selected_k,group_weight_name,diag_weight,core_pair_weight,terminal_pair_weight,order_pair_weight,other_pair_weight,heur_weight,other_weight
42,01_anchor_baseline,A1FlatFull-TunedSVR,A1FlatFull,906,1.1840536698706328,"{""C"": 1.0, ""epsilon"": 0.2, ""gamma"": 0.03}",1.1840536698706328,0.9390055347581011,0.41178220253354775,0.08659265206252065,0.8,0.5,0.55,4,1.568435855067571,1.8317039824567383,-1.568435855067571,1.130973933366458,0.9009010418697881,0.4033663436247466,0.10076972554524495,0.2,0.3,0.45,2,1.858359268394075,1.9602848807374853,-1.858359268394075,,,,,,,,,
42,01_anchor_baseline,A1FlatDiagOnly-TunedSVR,A1FlatDiagOnly,375,1.1867119373454724,"{""C"": 1.0, ""epsilon"": 0.1, ""gamma"": 0.03}",1.1867119373454724,0.9246418622345938,0.4285614305866462,0.10041783507222377,0.6,0.6,0.65,4,1.549818442893564,1.7469263402421105,-1.549818442893564,1.1791469076395793,0.9045826531711351,0.3719949610395479,0.18654450329595898,0.4,0.3,0.45,2,1.7189758602789702,1.775411282390699,-1.7189758602789702,,,,,,,,,
42,01_anchor_baseline,A1FlatPairOnly-TunedSVR,A1FlatPairOnly,450,1.1735097440362905,"{""C"": 1.0, ""epsilon"": 0.2, ""gamma"": 0.03}",1.1735097440362905,0.9298846833225948,0.4049060433835293,0.08565646811796815,0.8,0.4,0.5,4,1.510087407789569,1.7654350972162705,-1.510087407789569,1.1104246060722955,0.9000394852407633,0.4752248312306646,0.04165102536274312,0.2,0.5,0.55,2,1.6334201272134874,1.7255643384243544,-1.6334201272134874,,,,,,,,,
42,01_anchor_baseline,A1FlatNoHeur-TunedSVR,A1FlatNoHeur,831,1.186933248865431,"{""C"": 1.0, ""epsilon"": 0.2, ""gamma"": 0.03}",1.186933248865431,0.9337652924825918,0.4081254156064387,0.08900924364911358,0.8,0.4,0.55,4,1.538685058157619,1.7956789282217456,-1.538685058157619,1.1319360053095413,0.8981224008892232,0.3931833293109788,0.11014992006486779,0.2,0.3,0.5,2,1.789249619439734,1.9008013691441525,-1.789249619439734,,,,,,,,,
42,01_anchor_baseline,A1FlatNoPairwise-TunedSVR,A1FlatNoPairwise,456,1.1823362482895479,"{""C"": 1.0, ""epsilon"": 0.2, ""gamma"": 0.03}",1.1823362482895479,0.9313601568710338,0.41115232535950036,0.08051202977148572,0.6,0.5,0.6,4,1.640272201815097,1.8444640016190463,-1.640272201815097,1.1724305951843532,0.9064044356063283,0.32505161498484175,0.16229019277539766,0.2,0.4,0.35,2,1.7190458576806296,1.7574466792490184,-1.7190458576806296,,,,,,,,,
42,01_anchor_baseline,A1FlatDiagCorePair-TunedSVR,A1FlatDiagCorePair,700,1.1872787764571522,"{""C"": 1.0, ""epsilon"": 0.2, ""gamma"": 0.03}",1.1872787764571522,0.9309317846263984,0.40903523819117404,0.08782308024267232,0.8,0.4,0.5,4,1.5236463571495042,1.7812548295935429,-1.5236463571495042,1.1247989071621338,0.8955276763916379,0.4382895336080464,0.11640522307940195,0.2,0.3,0.5,2,1.7693046938288712,1.8903993206709975,-1.7693046938288712,,,,,,,,,
42,01_anchor_baseline,A1FlatDiagCoreTerminalPair-TunedSVR,A1FlatDiagCoreTerminalPair,775,1.1892488999457378,"{""C"": 1.0, ""epsilon"": 0.2, ""gamma"": 0.03}",1.1892488999457378,0.9348819794768505,0.40943765971903767,0.09329655975232595,0.8,0.4,0.55,4,1.5258297915284618,1.7841263561320044,-1.5258297915284618,1.126045472583895,0.8948941749249268,0.43673233726109567,0.1166537447619282,0.2,0.3,0.5,2,1.7651246342023188,1.8879899554616233,-1.7651246342023188,,,,,,,,,
42,02_selected_svr_baseline,A1FlatSelected-TunedSVR,A1FlatSelected_k400,400,1.1866443127170858,"{""C"": 1.0, ""epsilon"": 0.2, ""gamma"": 0.03}",1.1866443127170858,0.9407955518270255,0.4007068622232127,0.0873857413601274,0.8,0.5,0.55,4,1.5456209225195028,1.8160632030960595,-1.5456209225195028,1.1309520012451861,0.899309350086996,0.4075830213732312,0.09756464850806663,0.2,0.4,0.5,2,1.8854741337575422,1.99674126874844,-1.8854741337575422,400.0,,,,,,,,
42,03_full_group_weighted_svr,A1FlatFull-GroupWeightedSVR-equal_weight,A1FlatFull_GroupWeighted,906,1.1840536698706328,"{""C"": 1.0, ""epsilon"": 0.2, ""gamma"": 0.03}",1.1840536698706328,0.9390055347581011,0.41178220253354775,0.08659265206252065,0.8,0.5,0.55,4,1.568435855067571,1.8317039824567383,-1.568435855067571,1.130973933366458,0.9009010418697881,0.4033663436247466,0.10076972554524495,0.2,0.3,0.45,2,1.858359268394075,1.9602848807374853,-1.858359268394075,,equal_weight,1.0,1.0,1.0,1.0,1.0,1.0,1.0
42,03_full_group_weighted_svr,A1FlatFull-GroupWeightedSVR-diag1p5_pair_aux,A1FlatFull_GroupWeighted,906,1.1819774652496298,"{""C"": 1.0, ""epsilon"": 0.2, ""gamma"": 0.01}",1.1819774652496298,0.9265504888323921,0.4209329181454044,0.07801314484965312,0.8,0.4,0.55,4,1.5604621742167892,1.7692126516921842,-1.5604621742167892,1.1668594992125745,0.9107264081817436,0.3752843196151292,0.13991340453725246,0.4,0.4,0.4,2,1.7876947821959304,1.8359913151342204,-1.7876947821959304,,diag1p5_pair_aux,1.5,0.75,0.75,0.5,0.5,0.5,1.0
42,03_full_group_weighted_svr,A1FlatFull-GroupWeightedSVR-diag2_pair_aux,A1FlatFull_GroupWeighted,906,1.1871686295242239,"{""C"": 1.0, ""epsilon"": 0.2, ""gamma"": 0.01}",1.1871686295242239,0.9244090420209974,0.4112922980648442,0.09820737857311915,0.8,0.4,0.55,4,1.5380041502839799,1.7985541387184318,-1.5380041502839799,1.1677143836121369,0.9055713702718133,0.3585575813265347,0.15416845273163077,0.4,0.4,0.45,2,1.7520534264572363,1.8235611673980114,-1.7520534264572363,,diag2_pair_aux,2.0,0.75,0.75,0.5,0.5,0.5,1.0
42,03_full_group_weighted_svr,A1FlatFull-GroupWeightedSVR-diag2_pair_noheur,A1FlatFull_GroupWeighted,906,1.1860036010455715,"{""C"": 1.0, ""epsilon"": 0.2, ""gamma"": 0.01}",1.1860036010455715,0.9237645758294456,0.4089477552503341,0.09943465675183197,0.8,0.4,0.55,4,1.5330071854711633,1.7879897417074173,-1.5330071854711633,1.1690072520907486,0.9069224685391076,0.35761276556546345,0.15422688613034632,0.4,0.4,0.45,2,1.7547712768015944,1.8246184847163829,-1.7547712768015944,,diag2_pair_noheur,2.0,0.75,0.75,0.5,0.5,0.0,1.0
42,03_full_group_weighted_svr,A1FlatFull-GroupWeightedSVR-diag2_corepair_only,A1FlatFull_GroupWeighted,906,1.186278735301501,"{""C"": 1.0, ""epsilon"": 0.2, ""gamma"": 0.01}",1.186278735301501,0.9250648438139096,0.4052559751468891,0.09555624245096317,0.8,0.4,0.55,4,1.531702501885817,1.7876114843945097,-1.531702501885817,1.1685178877758076,0.908304821113064,0.3670959163525119,0.15107102686762297,0.4,0.4,0.45,2,1.7700957001070021,1.838703478609248,-1.7700957001070021,,diag2_corepair_only,2.0,0.75,0.0,0.0,0.0,0.0,1.0
42,03_full_group_weighted_svr,A1FlatFull-GroupWeightedSVR-diag3_pair_light,A1FlatFull_GroupWeighted,906,1.1835491215239882,"{""C"": 5.0, ""epsilon"": 0.2, ""gamma"": ""scale""}",1.1835491215239882,0.9182879565121534,0.45890051446993374,0.10742727630800089,0.6,0.5,0.6,4,1.5161249928956584,1.7471725485884075,-1.5161249928956584,1.2533194140251216,0.9796588019936928,0.26288623722398796,0.16182858657173788,0.4,0.3,0.3,2,1.872971243529677,1.9456241784699246,-1.872971243529677,,diag3_pair_light,3.0,0.5,0.5,0.25,0.25,0.25,1.0
42,03_full_group_weighted_svr,A1FlatFull-GroupWeightedSVR-diag3_pair_noheur,A1FlatFull_GroupWeighted,906,1.182935093554302,"{""C"": 5.0, ""epsilon"": 0.2, ""gamma"": ""scale""}",1.182935093554302,0.9178824504953651,0.46124505728444387,0.10778066228252879,0.6,0.5,0.6,4,1.5138427214430328,1.7445909819804837,-1.5138427214430328,1.2535223509733782,0.9796454359640261,0.2625188088724602,0.16198632261179122,0.4,0.3,0.3,2,1.8701421332933985,1.9425114485295116,-1.8701421332933985,,diag3_pair_noheur,3.0,0.5,0.5,0.25,0.25,0.0,1.0
42,03_full_group_weighted_svr,A1FlatFull-GroupWeightedSVR-diag4_pair_verylight,A1FlatFull_GroupWeighted,906,1.1876530353390153,"{""C"": 5.0, ""epsilon"": 0.2, ""gamma"": ""scale""}",1.1876530353390153,0.9246112970826799,0.4489624523905178,0.10230576082563947,0.6,0.5,0.6,4,1.5110583254563152,1.7418395756954668,-1.5110583254563152,1.260769646815086,0.9837908683383181,0.26832767614423153,0.1623123631600071,0.4,0.3,0.35,2,1.8494561753105012,1.9217519154828695,-1.8494561753105012,,diag4_pair_verylight,4.0,0.35,0.35,0.15,0.15,0.0,1.0
42,04_selected_group_weighted_svr,A1FlatSelectedK50-GroupWeightedSVR-equal_weight,A1FlatSelected_k50_GroupWeighted,50,1.1983613726638542,"{""C"": 5.0, ""epsilon"": 0.2, ""gamma"": 0.03}",1.1983613726638542,0.9609782880144353,0.4823634392032029,0.0688437610740369,0.6,0.5,0.65,4,1.618685504344686,1.8786047320800394,-1.618685504344686,1.1449398326267743,0.902800709257552,0.43074850410764454,0.16010523877655047,0.4,0.3,0.5,2,1.554787768958389,1.603256044768173,-1.554787768958389,50.0,equal_weight,1.0,1.0,1.0,1.0,1.0,1.0,1.0
42,04_selected_group_weighted_svr,A1FlatSelectedK50-GroupWeightedSVR-diag1p5_pair_aux,A1FlatSelected_k50_GroupWeighted,50,1.2161380987332384,"{""C"": 10.0, ""epsilon"": 0.2, ""gamma"": 0.03}",1.2161380987332384,0.9590338441545762,0.4260244253022883,0.07981221928261675,0.8,0.4,0.55,4,1.6303288574315773,1.9439689526836672,-1.6303288574315773,1.19151265648581,0.9318981867948724,0.36861811952312656,0.2117569286436305,0.2,0.2,0.45,2,1.5531502663905026,1.6030012882806772,-1.5531502663905026,50.0,diag1p5_pair_aux,1.5,0.75,0.75,0.5,0.5,0.5,1.0
42,04_selected_group_weighted_svr,A1FlatSelectedK50-GroupWeightedSVR-diag2_pair_aux,A1FlatSelected_k50_GroupWeighted,50,1.1986679053259301,"{""C"": 10.0, ""epsilon"": 0.2, ""gamma"": 0.03}",1.1986679053259301,0.9333505660878371,0.452444273435947,0.055635656566907846,0.8,0.4,0.6,4,1.6346547886077047,1.9353963236261367,-1.6346547886077047,1.1880595438384767,0.924736126384575,0.3878468699197431,0.19863113207385688,0.2,0.2,0.45,2,1.5373054684343819,1.5837529627569824,-1.5373054684343819,50.0,diag2_pair_aux,2.0,0.75,0.75,0.5,0.5,0.5,1.0
42,04_selected_group_weighted_svr,A1FlatSelectedK50-GroupWeightedSVR-diag2_pair_noheur,A1FlatSelected_k50_GroupWeighted,50,1.1996400969210015,"{""C"": 10.0, ""epsilon"": 0.2, ""gamma"": 0.03}",1.1996400969210015,0.9348825451034077,0.4445008224076814,0.05465624738503109,0.8,0.5,0.6,4,1.635678551727053,1.9375046196685106,-1.635678551727053,1.1869628068218145,0.9255452697347212,0.3898589775590615,0.2005556247688315,0.2,0.2,0.45,2,1.5379641676629712,1.5847186866246994,-1.5379641676629712,50.0,diag2_pair_noheur,2.0,0.75,0.75,0.5,0.5,0.0,1.0
42,04_selected_group_weighted_svr,A1FlatSelectedK50-GroupWeightedSVR-diag2_corepair_only,A1FlatSelected_k50_GroupWeighted,50,1.1986349784085752,"{""C"": 10.0, ""epsilon"": 0.2, ""gamma"": 0.03}",1.1986349784085752,0.9356933927585274,0.44255870112103496,0.05041294430041137,0.8,0.5,0.6,4,1.6486342407679164,1.944320397405636,-1.6486342407679164,1.183480256387766,0.9224983275558472,0.3895090457957018,0.1992873994420742,0.2,0.2,0.45,2,1.5128848720020573,1.5606367101684357,-1.5128848720020573,50.0,diag2_corepair_only,2.0,0.75,0.0,0.0,0.0,0.0,1.0
42,04_selected_group_weighted_svr,A1FlatSelectedK50-GroupWeightedSVR-diag3_pair_light,A1FlatSelected_k50_GroupWeighted,50,1.1752033128480548,"{""C"": 10.0, ""epsilon"": 0.2, ""gamma"": 0.03}",1.1752033128480548,0.9188767257200756,0.4745074711157771,-0.007218757977686538,0.8,0.4,0.6,4,1.5994226870596118,1.8482642704894774,-1.5994226870596118,1.2038533261015694,0.9317901877370574,0.35864506426737464,0.1832400394084066,0.2,0.2,0.4,2,1.5882276629651213,1.6281721863061793,-1.5882276629651213,50.0,diag3_pair_light,3.0,0.5,0.5,0.25,0.25,0.25,1.0
42,04_selected_group_weighted_svr,A1FlatSelectedK50-GroupWeightedSVR-diag3_pair_noheur,A1FlatSelected_k50_GroupWeighted,50,1.1754017805716606,"{""C"": 10.0, ""epsilon"": 0.2, ""gamma"": 0.03}",1.1754017805716606,0.9223764257836505,0.47396507688256967,-0.010752484346939603,0.8,0.4,0.6,4,1.6008059471456841,1.8494923897075168,-1.6008059471456841,1.2013878175729318,0.9299906339957971,0.3586800574437106,0.18189746699782225,0.2,0.2,0.4,2,1.5856451251129053,1.62467719451513,-1.5856451251129053,50.0,diag3_pair_noheur,3.0,0.5,0.5,0.25,0.25,0.0,1.0
42,04_selected_group_weighted_svr,A1FlatSelectedK50-GroupWeightedSVR-diag4_pair_verylight,A1FlatSelected_k50_GroupWeighted,50,1.192481111400192,"{""C"": 5.0, ""epsilon"": 0.2, ""gamma"": 0.03}",1.192481111400192,0.961144198448388,0.43779962913934284,-0.03662347623570492,0.6,0.4,0.55,4,1.7218668842466691,1.8952339867873094,-1.7218668842466691,1.1672967629973996,0.9074971164274339,0.3650488155368575,0.17238922052078332,0.2,0.3,0.45,2,1.6558560085102094,1.6811238955671843,-1.6558560085102094,50.0,diag4_pair_verylight,4.0,0.35,0.35,0.15,0.15,0.0,1.0
42,04_selected_group_weighted_svr,A1FlatSelectedK100-GroupWeightedSVR-equal_weight,A1FlatSelected_k100_GroupWeighted,100,1.2119823569415689,"{""C"": 10.0, ""epsilon"": 0.2, ""gamma"": ""scale""}",1.2119823569415689,0.9684633215807235,0.4654092452684246,0.11722630458634258,0.6,0.4,0.6,4,1.640351420820147,1.8953966633144412,-1.640351420820147,1.2009008842644062,0.9517302430109079,0.3682856843479349,0.1816220670504459,0.4,0.4,0.5,2,1.820130226977958,1.8500730351977888,-1.820130226977958,100.0,equal_weight,1.0,1.0,1.0,1.0,1.0,1.0,1.0
42,04_selected_group_weighted_svr,A1FlatSelectedK100-GroupWeightedSVR-diag1p5_pair_aux,A1FlatSelected_k100_GroupWeighted,100,1.2189138419171028,"{""C"": 2.0, ""epsilon"": 0.2, ""gamma"": ""scale""}",1.2189138419171028,0.9869075759615301,0.42808902270611066,0.10390044634535846,0.6,0.5,0.6,4,1.6349137587674119,1.7767789256459057,-1.6349137587674119,1.1676118619377351,0.9381457006390791,0.38420757958080204,0.17504865425227406,0.4,0.4,0.45,2,1.7958305933826884,1.8106036468332667,-1.7958305933826884,100.0,diag1p5_pair_aux,1.5,0.75,0.75,0.5,0.5,0.5,1.0
42,04_selected_group_weighted_svr,A1FlatSelectedK100-GroupWeightedSVR-diag2_pair_aux,A1FlatSelected_k100_GroupWeighted,100,1.227904252716908,"{""C"": 2.0, ""epsilon"": 0.2, ""gamma"": ""scale""}",1.227904252716908,0.9950580679953677,0.40583336255643254,0.09270350316603237,0.6,0.5,0.6,4,1.6606748774831952,1.7903523052868497,-1.6606748774831952,1.171814282791893,0.9425366901199729,0.3674808412922075,0.17336086100412626,0.4,0.4,0.45,2,1.846599974766462,1.8603049800529983,-1.846599974766462,100.0,diag2_pair_aux,2.0,0.75,0.75,0.5,0.5,0.5,1.0
42,04_selected_group_weighted_svr,A1FlatSelectedK100-GroupWeightedSVR-diag2_pair_noheur,A1FlatSelected_k100_GroupWeighted,100,1.234342849567446,"{""C"": 2.0, ""epsilon"": 0.2, ""gamma"": 0.01}",1.234342849567446,1.0004615134815666,0.38928159014951796,0.08273977656970674,0.6,0.5,0.6,4,1.6631289027823861,1.7942638394614563,-1.6631289027823861,1.1710682036977025,0.9410507747527064,0.36947545234335794,0.173305114790947,0.4,0.4,0.5,2,1.8395790399700753,1.8533499697049012,-1.8395790399700753,100.0,diag2_pair_noheur,2.0,0.75,0.75,0.5,0.5,0.0,1.0
42,04_selected_group_weighted_svr,A1FlatSelectedK100-GroupWeightedSVR-diag2_corepair_only,A1FlatSelected_k100_GroupWeighted,100,1.2335204505844195,"{""C"": 1.0, ""epsilon"": 0.2, ""gamma"": ""scale""}",1.2335204505844195,1.0027108999262957,0.3853798509880571,0.08472789354633088,0.6,0.5,0.6,4,1.6618737147174758,1.75777769169865,-1.6618737147174758,1.1653504920125886,0.9430669451207118,0.3816005879437721,0.17019808816358423,0.6,0.4,0.45,2,1.806898099487018,1.8170090386274766,-1.806898099487018,100.0,diag2_corepair_only,2.0,0.75,0.0,0.0,0.0,0.0,1.0
42,04_selected_group_weighted_svr,A1FlatSelectedK100-GroupWeightedSVR-diag3_pair_light,A1FlatSelected_k100_GroupWeighted,100,1.2401712799966182,"{""C"": 1.0, ""epsilon"": 0.2, ""gamma"": 0.03}",1.2401712799966182,0.9911019092051568,0.33425482036120235,0.09037907618200124,0.8,0.4,0.45,4,1.508161992169501,1.6578460054201225,-1.508161992169501,1.1876187852338456,0.9624088754883559,0.36097211049371675,0.20816108485460919,0.4,0.2,0.5,2,2.0194098921580688,2.0584858165869035,-2.0194098921580688,100.0,diag3_pair_light,3.0,0.5,0.5,0.25,0.25,0.25,1.0
42,04_selected_group_weighted_svr,A1FlatSelectedK100-GroupWeightedSVR-diag3_pair_noheur,A1FlatSelected_k100_GroupWeighted,100,1.2405674148174093,"{""C"": 1.0, ""epsilon"": 0.2, ""gamma"": 0.03}",1.2405674148174093,0.9915394682512723,0.3299331630837098,0.08970164387768036,0.8,0.4,0.45,4,1.508577861733215,1.6582041509260492,-1.508577861733215,1.1870535506693924,0.9618469848597816,0.3610770900227247,0.20907392237610858,0.4,0.2,0.5,2,2.0198452345449223,2.058873743008784,-2.0198452345449223,100.0,diag3_pair_noheur,3.0,0.5,0.5,0.25,0.25,0.0,1.0
42,04_selected_group_weighted_svr,A1FlatSelectedK100-GroupWeightedSVR-diag4_pair_verylight,A1FlatSelected_k100_GroupWeighted,100,1.2431619381336885,"{""C"": 1.0, ""epsilon"": 0.2, ""gamma"": 0.03}",1.2431619381336885,0.9977442354805977,0.3020261049557723,0.10513805472988452,0.8,0.4,0.5,4,1.3701060527370892,1.4882792731133079,-1.3701060527370892,1.182934856749309,0.9549150253686276,0.347097316076504,0.2123069003455809,0.4,0.2,0.4,2,2.1704742632511604,2.231588466846155,-2.1704742632511604,100.0,diag4_pair_verylight,4.0,0.35,0.35,0.15,0.15,0.0,1.0
42,04_selected_group_weighted_svr,A1FlatSelectedK200-GroupWeightedSVR-equal_weight,A1FlatSelected_k200_GroupWeighted,200,1.200779765959685,"{""C"": 1.0, ""epsilon"": 0.2, ""gamma"": 0.03}",1.200779765959685,0.916667441050028,0.4430486055897385,0.06994813790216588,0.8,0.4,0.55,4,1.5735066047423918,1.8572451492491056,-1.5735066047423918,1.1509022680738117,0.8840458778860909,0.36861811952312656,0.1346622670998765,0.2,0.4,0.4,2,1.90073581627367,2.0598249345873314,-1.90073581627367,200.0,equal_weight,1.0,1.0,1.0,1.0,1.0,1.0,1.0
42,04_selected_group_weighted_svr,A1FlatSelectedK200-GroupWeightedSVR-diag1p5_pair_aux,A1FlatSelected_k200_GroupWeighted,200,1.197049621285373,"{""C"": 2.0, ""epsilon"": 0.2, ""gamma"": 0.03}",1.197049621285373,0.8904947026839387,0.4514644644985398,0.12331087682141419,0.8,0.4,0.5,4,1.4113213399195381,1.8225160239730747,-1.4113213399195381,1.1618206157765576,0.8861277099340344,0.371872484922372,0.1431866802427567,0.4,0.3,0.4,2,1.9546426757151858,2.19188295689992,-1.9546426757151858,200.0,diag1p5_pair_aux,1.5,0.75,0.75,0.5,0.5,0.5,1.0
42,04_selected_group_weighted_svr,A1FlatSelectedK200-GroupWeightedSVR-diag2_pair_aux,A1FlatSelected_k200_GroupWeighted,200,1.1942979408124832,"{""C"": 5.0, ""epsilon"": 0.2, ""gamma"": 0.01}",1.1942979408124832,0.9181545344817725,0.4600202961126849,0.13925045030090316,0.8,0.4,0.55,4,1.4457408929784763,1.8285210963507177,-1.4457408929784763,1.2158903759540889,0.924403097817089,0.31894530571421464,0.14342452589425067,0.4,0.3,0.45,2,1.9982707702065294,2.135109568170974,-1.9982707702065294,200.0,diag2_pair_aux,2.0,0.75,0.75,0.5,0.5,0.5,1.0
42,04_selected_group_weighted_svr,A1FlatSelectedK200-GroupWeightedSVR-diag2_pair_noheur,A1FlatSelected_k200_GroupWeighted,200,1.1938433617717383,"{""C"": 5.0, ""epsilon"": 0.2, ""gamma"": 0.01}",1.1938433617717383,0.9212352915616382,0.4736851314718818,0.15519702772504207,0.8,0.4,0.55,4,1.437759722330865,1.8093023849744112,-1.437759722330865,1.221869685088262,0.9327853432782603,0.30998705257220593,0.14385395343181667,0.4,0.3,0.45,2,1.9747572655034529,2.107878267512663,-1.9747572655034529,200.0,diag2_pair_noheur,2.0,0.75,0.75,0.5,0.5,0.0,1.0
42,04_selected_group_weighted_svr,A1FlatSelectedK200-GroupWeightedSVR-diag2_corepair_only,A1FlatSelected_k200_GroupWeighted,200,1.1947086303507082,"{""C"": 5.0, ""epsilon"": 0.2, ""gamma"": 0.01}",1.1947086303507082,0.9223520518163568,0.4798439305070129,0.15680878162776668,0.8,0.4,0.55,4,1.4393517715785722,1.814406107643487,-1.4393517715785722,1.21908174185052,0.929248909275822,0.316075865254665,0.14414695365154293,0.4,0.3,0.45,2,1.9882852549281655,2.1166010121327767,-1.9882852549281655,200.0,diag2_corepair_only,2.0,0.75,0.0,0.0,0.0,0.0,1.0
42,04_selected_group_weighted_svr,A1FlatSelectedK200-GroupWeightedSVR-diag3_pair_light,A1FlatSelected_k200_GroupWeighted,200,1.2030641928192074,"{""C"": 1.0, ""epsilon"": 0.05, ""gamma"": 0.01}",1.2030641928192074,0.9482162240317739,0.47205794877225915,0.11319267838748084,0.8,0.4,0.55,4,1.5905437407652137,1.7687465052390292,-1.5905437407652137,1.1585222275626987,0.8774420681933008,0.4108373867724765,0.17111659120147366,0.6,0.4,0.45,2,2.013950989602164,2.0874851561358225,-2.013950989602164,200.0,diag3_pair_light,3.0,0.5,0.5,0.25,0.25,0.25,1.0
42,04_selected_group_weighted_svr,A1FlatSelectedK200-GroupWeightedSVR-diag3_pair_noheur,A1FlatSelected_k200_GroupWeighted,200,1.2040942950093678,"{""C"": 1.0, ""epsilon"": 0.05, ""gamma"": 0.01}",1.2040942950093678,0.9491638564598438,0.46614410197147993,0.11491975680117957,0.8,0.4,0.55,4,1.5884800552824698,1.76525072954937,-1.5884800552824698,1.1584524445318558,0.877565280968036,0.4089127620739981,0.172012328095092,0.6,0.4,0.45,2,2.0147058127263056,2.0880067540254017,-2.0147058127263056,200.0,diag3_pair_noheur,3.0,0.5,0.5,0.25,0.25,0.0,1.0
42,04_selected_group_weighted_svr,A1FlatSelectedK200-GroupWeightedSVR-diag4_pair_verylight,A1FlatSelected_k200_GroupWeighted,200,1.2105827146726138,"{""C"": 2.0, ""epsilon"": 0.05, ""gamma"": ""scale""}",1.2105827146726138,0.9679884418020995,0.47321272359134625,0.12206618094530687,0.6,0.5,0.6,4,1.5308453357864862,1.68185931114845,-1.5308453357864862,1.194355730523878,0.9009914132672071,0.3398887217512938,0.19019157794607092,0.4,0.2,0.4,2,2.172072742987816,2.192838250379265,-2.172072742987816,200.0,diag4_pair_verylight,4.0,0.35,0.35,0.15,0.15,0.0,1.0
42,04_selected_group_weighted_svr,A1FlatSelectedK400-GroupWeightedSVR-equal_weight,A1FlatSelected_k400_GroupWeighted,400,1.1866443127170858,"{""C"": 1.0, ""epsilon"": 0.2, ""gamma"": 0.03}",1.1866443127170858,0.9407955518270255,0.4007068622232127,0.0873857413601274,0.8,0.5,0.55,4,1.5456209225195028,1.8160632030960595,-1.5456209225195028,1.1309520012451861,0.899309350086996,0.4075830213732312,0.09756464850806663,0.2,0.4,0.5,2,1.8854741337575422,1.99674126874844,-1.8854741337575422,400.0,equal_weight,1.0,1.0,1.0,1.0,1.0,1.0,1.0
42,04_selected_group_weighted_svr,A1FlatSelectedK400-GroupWeightedSVR-diag1p5_pair_aux,A1FlatSelected_k400_GroupWeighted,400,1.184769040255333,"{""C"": 1.0, ""epsilon"": 0.2, ""gamma"": 0.01}",1.184769040255333,0.928007733792643,0.4215977884957879,0.0698660069467094,0.8,0.4,0.6,4,1.6074149408638692,1.7936901646426797,-1.6074149408638692,1.1777685642510831,0.9179554170342915,0.33030059143523754,0.13778334809653672,0.2,0.4,0.4,2,1.7900467525369685,1.8344297662818347,-1.7900467525369685,400.0,diag1p5_pair_aux,1.5,0.75,0.75,0.5,0.5,0.5,1.0
42,04_selected_group_weighted_svr,A1FlatSelectedK400-GroupWeightedSVR-diag2_pair_aux,A1FlatSelected_k400_GroupWeighted,400,1.1877510365780557,"{""C"": 5.0, ""epsilon"": 0.1, ""gamma"": ""scale""}",1.1877510365780557,0.9143351275332569,0.47475242335012896,0.12028419302738616,0.8,0.6,0.55,4,1.5520417696661248,1.8157683291447808,-1.5520417696661248,1.222834327424244,0.9459382156218654,0.3162508311363449,0.183055123154175,0.2,0.2,0.4,2,1.7237517341839994,1.7759942061029776,-1.7237517341839994,400.0,diag2_pair_aux,2.0,0.75,0.75,0.5,0.5,0.5,1.0
42,04_selected_group_weighted_svr,A1FlatSelectedK400-GroupWeightedSVR-diag2_pair_noheur,A1FlatSelected_k400_GroupWeighted,400,1.1864364851784885,"{""C"": 5.0, ""epsilon"": 0.1, ""gamma"": ""scale""}",1.1864364851784885,0.9147680161549592,0.4797739441543409,0.11835275573574994,0.8,0.6,0.55,4,1.556132247419521,1.8148721107255215,-1.556132247419521,1.2237683005039184,0.9484802682078779,0.3218672359382683,0.18001937807452617,0.2,0.1,0.35,2,1.7228124669146156,1.774563452117088,-1.7228124669146156,400.0,diag2_pair_noheur,2.0,0.75,0.75,0.5,0.5,0.0,1.0
42,04_selected_group_weighted_svr,A1FlatSelectedK400-GroupWeightedSVR-diag2_corepair_only,A1FlatSelected_k400_GroupWeighted,400,1.186734335149476,"{""C"": 2.0, ""epsilon"": 0.2, ""gamma"": ""scale""}",1.186734335149476,0.9247829655938521,0.45879553494092584,0.07607532695796275,0.6,0.6,0.6,4,1.622513132431692,1.7833673936186896,-1.622513132431692,1.176259203963415,0.9202809065198455,0.3852223816945452,0.18845508603439898,0.2,0.3,0.4,2,1.772392068259665,1.8051960111342242,-1.772392068259665,400.0,diag2_corepair_only,2.0,0.75,0.0,0.0,0.0,0.0,1.0
42,04_selected_group_weighted_svr,A1FlatSelectedK400-GroupWeightedSVR-diag3_pair_light,A1FlatSelected_k400_GroupWeighted,400,1.1832716717768261,"{""C"": 2.0, ""epsilon"": 0.2, ""gamma"": ""scale""}",1.1832716717768261,0.9229322891788424,0.4586730588237499,0.0813834907122896,0.6,0.6,0.65,4,1.5744843915789444,1.7478725145580234,-1.5744843915789444,1.1766987352180194,0.9147971911837804,0.39990201916748536,0.19339138905879813,0.2,0.3,0.45,2,1.6566135389722643,1.6783912827919139,-1.6566135389722643,400.0,diag3_pair_light,3.0,0.5,0.5,0.25,0.25,0.25,1.0
42,04_selected_group_weighted_svr,A1FlatSelectedK400-GroupWeightedSVR-diag3_pair_noheur,A1FlatSelected_k400_GroupWeighted,400,1.1831485810629625,"{""C"": 2.0, ""epsilon"": 0.2, ""gamma"": ""scale""}",1.1831485810629625,0.9229250126955484,0.4583056304722223,0.08194703377132212,0.6,0.6,0.65,4,1.5743029661632648,1.747599790957258,-1.5743029661632648,1.1762155279712545,0.9142920376387039,0.4013017462209242,0.19345469245808897,0.2,0.3,0.45,2,1.6566715334905755,1.6783687567601473,-1.6566715334905755,400.0,diag3_pair_noheur,3.0,0.5,0.5,0.25,0.25,0.0,1.0
42,04_selected_group_weighted_svr,A1FlatSelectedK400-GroupWeightedSVR-diag4_pair_verylight,A1FlatSelected_k400_GroupWeighted,400,1.184334977836352,"{""C"": 2.0, ""epsilon"": 0.2, ""gamma"": ""scale""}",1.184334977836352,0.9240131460957984,0.44506071322905694,0.08072676077904349,0.8,0.6,0.65,4,1.5483175786860357,1.7238979332754716,-1.5483175786860357,1.1763965718850318,0.913215742070275,0.39344577813349857,0.19412213448708734,0.2,0.3,0.45,2,1.6250291226135922,1.6429683493859593,-1.6250291226135922,400.0,diag4_pair_verylight,4.0,0.35,0.35,0.15,0.15,0.0,1.0
52,01_anchor_baseline,A1FlatFull-TunedSVR,A1FlatFull,906,1.0943359758382885,"{""C"": 1.0, ""epsilon"": 0.05, ""gamma"": 0.03}",1.0943359758382885,0.8891651281290804,0.43006237480759296,-0.22124900354175467,0.2,0.5,0.6,1,1.9038484026353668,1.9038484026353668,-1.9038484026353668,1.087253765160276,0.8148207217389507,0.5693964501073059,0.1780496749933883,0.4,0.4,0.75,4,1.8106121866626181,2.0448421881637104,-1.8106121866626181,,,,,,,,,
52,01_anchor_baseline,A1FlatDiagOnly-TunedSVR,A1FlatDiagOnly,375,1.0736547354412296,"{""C"": 1.0, ""epsilon"": 0.05, ""gamma"": ""scale""}",1.0736547354412296,0.836506074257633,0.47509819876018633,-0.1398830820616328,0.2,0.4,0.5,1,1.8063577445014714,1.8063577445014714,-1.8063577445014714,1.051139575684769,0.7817358753401827,0.6264708200255688,0.14801537336416432,0.4,0.5,0.65,4,1.840365146079708,1.9470303303167407,-1.840365146079708,,,,,,,,,
52,01_anchor_baseline,A1FlatPairOnly-TunedSVR,A1FlatPairOnly,450,1.1531090036403706,"{""C"": 1.0, ""epsilon"": 0.2, ""gamma"": 0.03}",1.1531090036403706,0.9262876619403696,0.38532399025173386,-0.2354347900683435,0.2,0.6,0.6,1,1.4511752536023508,1.4511752536023508,-1.4511752536023508,1.1201127635427643,0.8410402684569255,0.5111847920085748,0.17876388945309257,0.4,0.4,0.6,4,1.628753565818666,1.8999637922190225,-1.628753565818666,,,,,,,,,
52,01_anchor_baseline,A1FlatNoHeur-TunedSVR,A1FlatNoHeur,831,1.0826873677757614,"{""C"": 1.0, ""epsilon"": 0.05, ""gamma"": 0.03}",1.0826873677757614,0.8799178670743742,0.4356262411700345,-0.216226188249943,0.2,0.5,0.6,1,1.6478874075355003,1.6478874075355003,-1.6478874075355003,1.0911426970305156,0.8047177991543863,0.5645323560431498,0.18277824955140992,0.4,0.4,0.75,4,1.751659102186096,1.9920284009851736,-1.751659102186096,,,,,,,,,
52,01_anchor_baseline,A1FlatNoPairwise-TunedSVR,A1FlatNoPairwise,456,1.0976030986138894,"{""C"": 1.0, ""epsilon"": 0.05, ""gamma"": ""scale""}",1.0976030986138894,0.8549797268684769,0.4274379095422903,-0.14666712619961006,0.2,0.3,0.55,1,1.8125540528663118,1.8125540528663118,-1.8125540528663118,1.0330747251414092,0.7763693284300812,0.6544306125238474,0.12161582334490356,0.2,0.5,0.7,4,1.7825739924029453,1.851206666334853,-1.7825739924029453,,,,,,,,,
52,01_anchor_baseline,A1FlatDiagCorePair-TunedSVR,A1FlatDiagCorePair,700,1.091852060070371,"{""C"": 1.0, ""epsilon"": 0.05, ""gamma"": 0.03}",1.091852060070371,0.8866266838796109,0.43214445058473305,-0.22147052051489327,0.2,0.6,0.6,1,1.6345031469056783,1.6345031469056783,-1.6345031469056783,1.0874992036125417,0.806434293891711,0.5825539995182604,0.17306798232463788,0.4,0.4,0.7,4,1.752019448938401,1.9934825490047705,-1.752019448938401,,,,,,,,,
52,01_anchor_baseline,A1FlatDiagCoreTerminalPair-TunedSVR,A1FlatDiagCoreTerminalPair,775,1.0883601918349017,"{""C"": 1.0, ""epsilon"": 0.05, ""gamma"": 0.03}",1.0883601918349017,0.8816519498154559,0.43802325277901094,-0.21645031679899673,0.2,0.6,0.6,1,1.6278002428087097,1.6278002428087097,-1.6278002428087097,1.093040555891632,0.8101432203826506,0.5751003877508846,0.1797819659549698,0.4,0.4,0.7,4,1.752059323835136,1.9933805591834997,-1.752059323835136,,,,,,,,,
52,02_selected_svr_baseline,A1FlatSelected-TunedSVR,A1FlatSelected_k200,200,1.0111869875241442,"{""C"": 5.0, ""epsilon"": 0.05, ""gamma"": 0.01}",1.0111869875241442,0.7942979480229825,0.5815115170506574,-0.19189395875325543,0.6,0.4,0.55,1,1.923653222694429,1.923653222694429,-1.923653222694429,1.0730347411558065,0.7621375278357648,0.5703762676166323,0.1127067779818349,0.4,0.5,0.7,4,1.79413115850777,2.085247208270876,-1.79413115850777,200.0,,,,,,,,
52,03_full_group_weighted_svr,A1FlatFull-GroupWeightedSVR-equal_weight,A1FlatFull_GroupWeighted,906,1.0943359758382885,"{""C"": 1.0, ""epsilon"": 0.05, ""gamma"": 0.03}",1.0943359758382885,0.8891651281290804,0.43006237480759296,-0.22124900354175467,0.2,0.5,0.6,1,1.9038484026353668,1.9038484026353668,-1.9038484026353668,1.087253765160276,0.8148207217389507,0.5693964501073059,0.1780496749933883,0.4,0.4,0.75,4,1.8106121866626181,2.0448421881637104,-1.8106121866626181,,equal_weight,1.0,1.0,1.0,1.0,1.0,1.0,1.0
52,03_full_group_weighted_svr,A1FlatFull-GroupWeightedSVR-diag1p5_pair_aux,A1FlatFull_GroupWeighted,906,1.0742170295427365,"{""C"": 1.0, ""epsilon"": 0.05, ""gamma"": 0.03}",1.0742170295427365,0.8849664945062385,0.41515541210067397,-0.19279367750735998,0.2,0.5,0.6,1,1.785815383819087,1.785815383819087,-1.785815383819087,1.0918106877748226,0.8079519184130602,0.5692389794361641,0.1854275204517256,0.4,0.4,0.7,4,1.867117268529295,2.099822003822506,-1.867117268529295,,diag1p5_pair_aux,1.5,0.75,0.75,0.5,0.5,0.5,1.0
52,03_full_group_weighted_svr,A1FlatFull-GroupWeightedSVR-diag2_pair_aux,A1FlatFull_GroupWeighted,906,1.0706331525269441,"{""C"": 1.0, ""epsilon"": 0.1, ""gamma"": 0.01}",1.0706331525269441,0.8534579833257433,0.4490635033283841,-0.16063541219986055,0.2,0.7,0.55,1,1.4545104508982414,1.4545104508982414,-1.4545104508982414,1.0672531529781566,0.7590321455953807,0.5851435172214802,0.20634601954812162,0.4,0.5,0.7,4,1.746980585055457,1.9484679597828534,-1.746980585055457,,diag2_pair_aux,2.0,0.75,0.75,0.5,0.5,0.5,1.0
52,03_full_group_weighted_svr,A1FlatFull-GroupWeightedSVR-diag2_pair_noheur,A1FlatFull_GroupWeighted,906,1.0694616807358137,"{""C"": 1.0, ""epsilon"": 0.1, ""gamma"": 0.01}",1.0694616807358137,0.8525020673435367,0.4528077404402158,-0.1605581666048695,0.4,0.7,0.55,1,1.4308295790097638,1.4308295790097638,-1.4308295790097638,1.0679583850810555,0.7577339253006633,0.5880479762669835,0.2073331535077924,0.4,0.5,0.7,4,1.7457148442353796,1.9480235704803686,-1.7457148442353796,,diag2_pair_noheur,2.0,0.75,0.75,0.5,0.5,0.0,1.0
52,03_full_group_weighted_svr,A1FlatFull-GroupWeightedSVR-diag2_corepair_only,A1FlatFull_GroupWeighted,906,1.0730260960822098,"{""C"": 1.0, ""epsilon"": 0.1, ""gamma"": 0.01}",1.0730260960822098,0.8570542256643896,0.4482061780083852,-0.16567326557323014,0.4,0.7,0.55,1,1.4670585265507654,1.4670585265507654,-1.4670585265507654,1.0639743064896379,0.7575568745996585,0.5944167900776051,0.20132877552208167,0.4,0.5,0.7,4,1.7575187330694957,1.9599721770157226,-1.7575187330694957,,diag2_corepair_only,2.0,0.75,0.0,0.0,0.0,0.0,1.0
52,03_full_group_weighted_svr,A1FlatFull-GroupWeightedSVR-diag3_pair_light,A1FlatFull_GroupWeighted,906,1.0707546545738036,"{""C"": 1.0, ""epsilon"": 0.05, ""gamma"": 0.01}",1.0707546545738036,0.8806172870600489,0.4451792947357362,-0.17729008666601745,0.4,0.5,0.5,1,1.5912754261057325,1.5912754261057325,-1.5912754261057325,1.0836886378738448,0.7858566402227923,0.5855809357524294,0.19662571416115018,0.4,0.4,0.75,4,1.8865260812870381,2.1279507759280203,-1.8865260812870381,,diag3_pair_light,3.0,0.5,0.5,0.25,0.25,0.25,1.0
52,03_full_group_weighted_svr,A1FlatFull-GroupWeightedSVR-diag3_pair_noheur,A1FlatFull_GroupWeighted,906,1.070610932861156,"{""C"": 1.0, ""epsilon"": 0.05, ""gamma"": 0.01}",1.070610932861156,0.8805226894189034,0.4454592376973684,-0.1777089000820376,0.4,0.5,0.5,1,1.585240828477267,1.585240828477267,-1.585240828477267,1.0836365894540534,0.7855410650923752,0.5855459422699535,0.19646058332901686,0.4,0.4,0.75,4,1.8850727622510974,2.126764349256859,-1.8850727622510974,,diag3_pair_noheur,3.0,0.5,0.5,0.25,0.25,0.0,1.0
52,03_full_group_weighted_svr,A1FlatFull-GroupWeightedSVR-diag4_pair_verylight,A1FlatFull_GroupWeighted,906,1.0755010967232879,"{""C"": 1.0, ""epsilon"": 0.05, ""gamma"": ""scale""}",1.0755010967232879,0.8378533605551894,0.47005922545080514,-0.14068847192478726,0.2,0.4,0.5,1,1.81937362253184,1.81937362253184,-1.81937362253184,1.0509565884475351,0.7834434191370435,0.6293052921061202,0.14678364139172856,0.4,0.5,0.65,4,1.8352759564804368,1.9393178132499098,-1.8352759564804368,,diag4_pair_verylight,4.0,0.35,0.35,0.15,0.15,0.0,1.0
52,04_selected_group_weighted_svr,A1FlatSelectedK50-GroupWeightedSVR-equal_weight,A1FlatSelected_k50_GroupWeighted,50,1.0645008359390813,"{""C"": 10.0, ""epsilon"": 0.2, ""gamma"": 0.03}",1.0645008359390813,0.8703941516366548,0.48673332810302794,-0.16865192077183483,0.2,0.4,0.5,1,2.0785324420233895,2.0785324420233895,-2.0785324420233895,1.109097377552673,0.85627170645403,0.5503424988991549,0.06151901653197368,0.2,0.3,0.6,4,1.9414005338590512,2.0462213212986065,-1.9414005338590512,50.0,equal_weight,1.0,1.0,1.0,1.0,1.0,1.0,1.0
52,04_selected_group_weighted_svr,A1FlatSelectedK50-GroupWeightedSVR-diag1p5_pair_aux,A1FlatSelected_k50_GroupWeighted,50,1.0669113404824688,"{""C"": 5.0, ""epsilon"": 0.05, ""gamma"": 0.03}",1.0669113404824688,0.861956254497454,0.4672772922695844,-0.1734631229583034,0.2,0.3,0.4,1,2.0522642457057954,2.0522642457057954,-2.0522642457057954,1.116932219063836,0.8676480932571405,0.5299412986156802,0.06233308612631919,0.2,0.1,0.55,4,1.9417836196971208,2.0039394589651516,-1.9417836196971208,50.0,diag1p5_pair_aux,1.5,0.75,0.75,0.5,0.5,0.5,1.0
52,04_selected_group_weighted_svr,A1FlatSelectedK50-GroupWeightedSVR-diag2_pair_aux,A1FlatSelected_k50_GroupWeighted,50,1.0693491465770077,"{""C"": 10.0, ""epsilon"": 0.05, ""gamma"": 0.01}",1.0693491465770077,0.8610215984260103,0.4546273696908257,-0.16146046588968704,0.2,0.3,0.45,1,2.000756684873287,2.000756684873287,-2.000756684873287,1.1201105336136137,0.8818922451719949,0.5477354844546972,0.06363993590138986,0.2,0.2,0.6,4,1.9196406434248054,1.9615454669345591,-1.9196406434248054,50.0,diag2_pair_aux,2.0,0.75,0.75,0.5,0.5,0.5,1.0
52,04_selected_group_weighted_svr,A1FlatSelectedK50-GroupWeightedSVR-diag2_pair_noheur,A1FlatSelected_k50_GroupWeighted,50,1.0632829765414233,"{""C"": 10.0, ""epsilon"": 0.05, ""gamma"": ""scale""}",1.0632829765414233,0.8369437420615978,0.48171185122874893,-0.15257260122196048,0.2,0.3,0.45,1,2.0053366673374518,2.0053366673374518,-2.0053366673374518,1.1215877897460487,0.8616654106540966,0.5227151444843979,0.10066213341472678,0.2,0.1,0.45,4,1.9527919416940487,2.024591770561931,-1.9527919416940487,50.0,diag2_pair_noheur,2.0,0.75,0.75,0.5,0.5,0.0,1.0
52,04_selected_group_weighted_svr,A1FlatSelectedK50-GroupWeightedSVR-diag2_corepair_only,A1FlatSelected_k50_GroupWeighted,50,1.0665732470998615,"{""C"": 10.0, ""epsilon"": 0.05, ""gamma"": ""scale""}",1.0665732470998615,0.8367750270586778,0.4740484126540652,-0.13913298079407568,0.2,0.3,0.4,1,1.9807010943801462,1.9807010943801462,-1.9807010943801462,1.1317219348364547,0.8744387670878718,0.48945383939101417,0.1319770832624612,0.2,0.1,0.5,4,1.9145476000736033,1.9979789522612381,-1.9145476000736033,50.0,diag2_corepair_only,2.0,0.75,0.0,0.0,0.0,0.0,1.0
52,04_selected_group_weighted_svr,A1FlatSelectedK50-GroupWeightedSVR-diag3_pair_light,A1FlatSelected_k50_GroupWeighted,50,1.082081104091594,"{""C"": 10.0, ""epsilon"": 0.1, ""gamma"": 0.01}",1.082081104091594,0.856081747941119,0.42778783824433064,-0.16527754977283393,0.2,0.3,0.4,1,2.0095186054301246,2.0095186054301246,-2.0095186054301246,1.13877521669577,0.8880953335105253,0.4982721969749518,0.08701269561301177,0.2,0.2,0.45,4,1.9994746623105049,2.0409874561644563,-1.9994746623105049,50.0,diag3_pair_light,3.0,0.5,0.5,0.25,0.25,0.25,1.0
52,04_selected_group_weighted_svr,A1FlatSelectedK50-GroupWeightedSVR-diag3_pair_noheur,A1FlatSelected_k50_GroupWeighted,50,1.0818759692089421,"{""C"": 10.0, ""epsilon"": 0.1, ""gamma"": 0.01}",1.0818759692089421,0.8565762676213214,0.4292575387929002,-0.16522792815462703,0.2,0.3,0.4,1,2.009849576767878,2.009849576767878,-2.009849576767878,1.1400431229117851,0.8901930831153457,0.4919558733880441,0.08618519196583947,0.2,0.2,0.45,4,2.002155713264571,2.0434673394220693,-2.002155713264571,50.0,diag3_pair_noheur,3.0,0.5,0.5,0.25,0.25,0.0,1.0
52,04_selected_group_weighted_svr,A1FlatSelectedK50-GroupWeightedSVR-diag4_pair_verylight,A1FlatSelected_k50_GroupWeighted,50,1.0846763861431992,"{""C"": 1.0, ""epsilon"": 0.2, ""gamma"": ""scale""}",1.0846763861431992,0.8723476270893181,0.3997235563406944,-0.16720689704820058,0.0,0.3,0.45,1,2.0140398381063394,2.0140398381063394,-2.0140398381063394,1.157682769256136,0.9216656965981694,0.4707673197488606,0.040470442213959956,0.4,0.3,0.55,4,2.0921335894500115,2.1209518123584568,-2.0921335894500115,50.0,diag4_pair_verylight,4.0,0.35,0.35,0.15,0.15,0.0,1.0
52,04_selected_group_weighted_svr,A1FlatSelectedK100-GroupWeightedSVR-equal_weight,A1FlatSelected_k100_GroupWeighted,100,1.0524086387536782,"{""C"": 10.0, ""epsilon"": 0.05, ""gamma"": 0.03}",1.0524086387536782,0.8369893193552586,0.5101960475748336,-0.17529988303046637,0.2,0.4,0.45,1,2.0751168258622377,2.0751168258622377,-2.0751168258622377,1.0896795931375116,0.8427477853489603,0.5645148593019118,0.07901841895607542,0.2,0.2,0.6,4,1.9478277376262987,2.0874295230307913,-1.9478277376262987,100.0,equal_weight,1.0,1.0,1.0,1.0,1.0,1.0,1.0
52,04_selected_group_weighted_svr,A1FlatSelectedK100-GroupWeightedSVR-diag1p5_pair_aux,A1FlatSelected_k100_GroupWeighted,100,1.0624165790383509,"{""C"": 2.0, ""epsilon"": 0.05, ""gamma"": 0.03}",1.0624165790383509,0.8511067811457794,0.4802946399854855,-0.168608492245055,0.2,0.4,0.4,1,2.0947486620943083,2.0947486620943083,-2.0947486620943083,1.0831861437971133,0.8453543886115862,0.5687490706815009,0.059656314215992524,0.4,0.3,0.55,4,1.8657939179588456,1.9411637176474736,-1.8657939179588456,100.0,diag1p5_pair_aux,1.5,0.75,0.75,0.5,0.5,0.5,1.0
52,04_selected_group_weighted_svr,A1FlatSelectedK100-GroupWeightedSVR-diag2_pair_aux,A1FlatSelected_k100_GroupWeighted,100,1.0602353569918728,"{""C"": 1.0, ""epsilon"": 0.05, ""gamma"": 0.03}",1.0602353569918728,0.8461190351042843,0.4686595106426438,-0.15134260734741467,0.2,0.3,0.5,1,2.0830350104312396,2.0830350104312396,-2.0830350104312396,1.088593516612709,0.8505990757451064,0.549642629249636,0.06592708725451235,0.2,0.3,0.55,4,1.8781750472119159,1.9477651390339623,-1.8781750472119159,100.0,diag2_pair_aux,2.0,0.75,0.75,0.5,0.5,0.5,1.0
52,04_selected_group_weighted_svr,A1FlatSelectedK100-GroupWeightedSVR-diag2_pair_noheur,A1FlatSelected_k100_GroupWeighted,100,1.0578396816893003,"{""C"": 1.0, ""epsilon"": 0.05, ""gamma"": 0.03}",1.0578396816893003,0.8440856695628436,0.47086406146549803,-0.15119369116869785,0.2,0.3,0.5,1,2.0873534123874435,2.0873534123874435,-2.0873534123874435,1.0929805878519345,0.8563806462424375,0.5453034374226191,0.06891491634335202,0.2,0.3,0.55,4,1.8802933472146677,1.9507026189324357,-1.8802933472146677,100.0,diag2_pair_noheur,2.0,0.75,0.75,0.5,0.5,0.0,1.0
52,04_selected_group_weighted_svr,A1FlatSelectedK100-GroupWeightedSVR-diag2_corepair_only,A1FlatSelected_k100_GroupWeighted,100,1.0591287745474016,"{""C"": 1.0, ""epsilon"": 0.05, ""gamma"": 0.03}",1.0591287745474016,0.844411902217006,0.4691669072606023,-0.15025744142191805,0.2,0.3,0.5,1,2.097699277191622,2.097699277191622,-2.097699277191622,1.092197164856552,0.8560527671897347,0.5445160840669103,0.06799365664383503,0.4,0.3,0.55,4,1.8800597369303396,1.9506350602366254,-1.8800597369303396,100.0,diag2_corepair_only,2.0,0.75,0.0,0.0,0.0,0.0,1.0
52,04_selected_group_weighted_svr,A1FlatSelectedK100-GroupWeightedSVR-diag3_pair_light,A1FlatSelected_k100_GroupWeighted,100,1.065981106654833,"{""C"": 1.0, ""epsilon"": 0.05, ""gamma"": 0.03}",1.065981106654833,0.866388905926979,0.43965042124349857,-0.14756853583337362,0.2,0.4,0.45,1,2.2304023499762264,2.2304023499762264,-2.2304023499762264,1.1093128664534557,0.8690851628648513,0.5419265663636906,0.05437763213453615,0.2,0.2,0.5,4,1.9633009312940624,2.0775403275587863,-1.9633009312940624,100.0,diag3_pair_light,3.0,0.5,0.5,0.25,0.25,0.25,1.0
52,04_selected_group_weighted_svr,A1FlatSelectedK100-GroupWeightedSVR-diag3_pair_noheur,A1FlatSelected_k100_GroupWeighted,100,1.0660773561103092,"{""C"": 1.0, ""epsilon"": 0.05, ""gamma"": 0.03}",1.0660773561103092,0.8666957578438055,0.43485639802554577,-0.14721022758625213,0.2,0.4,0.45,1,2.2281268213093197,2.2281268213093197,-2.2281268213093197,1.1109172801007714,0.8714065401219534,0.5414366576090275,0.05515313435946135,0.2,0.2,0.5,4,1.963692055717899,2.077743796460951,-1.963692055717899,100.0,diag3_pair_noheur,3.0,0.5,0.5,0.25,0.25,0.0,1.0
52,04_selected_group_weighted_svr,A1FlatSelectedK100-GroupWeightedSVR-diag4_pair_verylight,A1FlatSelected_k100_GroupWeighted,100,1.0681478821733779,"{""C"": 1.0, ""epsilon"": 0.05, ""gamma"": ""scale""}",1.0681478821733779,0.8480096432095422,0.4635155587226506,-0.16319695018567013,0.4,0.5,0.45,1,2.194709430642698,2.194709430642698,-2.194709430642698,1.1256432232198534,0.8745415797521779,0.5237299554762003,0.058083369192571344,0.2,0.4,0.55,4,1.9648432184945357,2.01571460822986,-1.9648432184945357,100.0,diag4_pair_verylight,4.0,0.35,0.35,0.15,0.15,0.0,1.0
52,04_selected_group_weighted_svr,A1FlatSelectedK200-GroupWeightedSVR-equal_weight,A1FlatSelected_k200_GroupWeighted,200,1.0111869875241442,"{""C"": 5.0, ""epsilon"": 0.05, ""gamma"": 0.01}",1.0111869875241442,0.7942979480229825,0.5815115170506574,-0.19189395875325543,0.6,0.4,0.55,1,1.923653222694429,1.923653222694429,-1.923653222694429,1.0730347411558065,0.7621375278357648,0.5703762676166323,0.1127067779818349,0.4,0.5,0.7,4,1.79413115850777,2.085247208270876,-1.79413115850777,200.0,equal_weight,1.0,1.0,1.0,1.0,1.0,1.0,1.0
52,04_selected_group_weighted_svr,A1FlatSelectedK200-GroupWeightedSVR-diag1p5_pair_aux,A1FlatSelected_k200_GroupWeighted,200,1.0250877967404433,"{""C"": 2.0, ""epsilon"": 0.05, ""gamma"": 0.03}",1.0250877967404433,0.793742825634029,0.5375604720743892,-0.19096217575123617,0.4,0.6,0.55,1,1.9028252729838018,1.9028252729838018,-1.9028252729838018,1.0796065865629865,0.7829780973253717,0.5770425260282994,0.19104073085700218,0.4,0.5,0.6,4,1.8422394480705429,2.0927647006402865,-1.8422394480705429,200.0,diag1p5_pair_aux,1.5,0.75,0.75,0.5,0.5,0.5,1.0
52,04_selected_group_weighted_svr,A1FlatSelectedK200-GroupWeightedSVR-diag2_pair_aux,A1FlatSelected_k200_GroupWeighted,200,1.031252940675805,"{""C"": 1.0, ""epsilon"": 0.05, ""gamma"": 0.03}",1.031252940675805,0.8057389127643666,0.5417596164988734,-0.1754024104412805,0.4,0.6,0.45,1,2.151748085189488,2.151748085189488,-2.151748085189488,1.0837841075772936,0.7967032598787084,0.5991234134706194,0.17827410714769548,0.4,0.5,0.65,4,2.007439741633468,2.1831401680331854,-2.007439741633468,200.0,diag2_pair_aux,2.0,0.75,0.75,0.5,0.5,0.5,1.0
52,04_selected_group_weighted_svr,A1FlatSelectedK200-GroupWeightedSVR-diag2_pair_noheur,A1FlatSelected_k200_GroupWeighted,200,1.0328305705489143,"{""C"": 1.0, ""epsilon"": 0.05, ""gamma"": 0.03}",1.0328305705489143,0.8118498048823343,0.5417421200637713,-0.16371828779091624,0.4,0.6,0.5,1,2.1518642538613033,2.1518642538613033,-2.1518642538613033,1.0889244517484717,0.8012362070783101,0.5991934004355713,0.19437882448272878,0.4,0.5,0.65,4,2.0002041304623805,2.1769516876060067,-2.0002041304623805,200.0,diag2_pair_noheur,2.0,0.75,0.75,0.5,0.5,0.0,1.0
52,04_selected_group_weighted_svr,A1FlatSelectedK200-GroupWeightedSVR-diag2_corepair_only,A1FlatSelected_k200_GroupWeighted,200,1.0332890743379002,"{""C"": 1.0, ""epsilon"": 0.05, ""gamma"": 0.03}",1.0332890743379002,0.8120877266863866,0.5397125335919373,-0.1639180741115568,0.4,0.6,0.5,1,2.152867367062475,2.152867367062475,-2.152867367062475,1.0893155290049712,0.801264074496439,0.6005581462521331,0.19416365764970592,0.4,0.5,0.65,4,2.0027289413309024,2.1798126123361476,-2.0027289413309024,200.0,diag2_corepair_only,2.0,0.75,0.0,0.0,0.0,0.0,1.0
52,04_selected_group_weighted_svr,A1FlatSelectedK200-GroupWeightedSVR-diag3_pair_light,A1FlatSelected_k200_GroupWeighted,200,1.0399883668083534,"{""C"": 2.0, ""epsilon"": 0.05, ""gamma"": 0.01}",1.0399883668083534,0.7857341046162006,0.5237382883437952,-0.18444909333420953,0.2,0.5,0.5,1,2.590566550179349,2.590566550179349,-2.590566550179349,1.0560462048883126,0.7854990142817201,0.6517011208907236,0.1677046712984929,0.4,0.4,0.75,4,1.9908355131303015,2.151657114464011,-1.9908355131303015,200.0,diag3_pair_light,3.0,0.5,0.5,0.25,0.25,0.25,1.0
52,04_selected_group_weighted_svr,A1FlatSelectedK200-GroupWeightedSVR-diag3_pair_noheur,A1FlatSelected_k200_GroupWeighted,200,1.0398359653519604,"{""C"": 2.0, ""epsilon"": 0.05, ""gamma"": 0.01}",1.0398359653519604,0.7857811468148884,0.5262752714335878,-0.18457678461681934,0.2,0.5,0.5,1,2.5970079986735417,2.5970079986735417,-2.5970079986735417,1.0559126656115294,0.7855021517165763,0.6480443019719876,0.16804176433999926,0.4,0.4,0.75,4,1.9913955506868448,2.15223681113099,-1.9913955506868448,200.0,diag3_pair_noheur,3.0,0.5,0.5,0.25,0.25,0.0,1.0
52,04_selected_group_weighted_svr,A1FlatSelectedK200-GroupWeightedSVR-diag4_pair_verylight,A1FlatSelected_k200_GroupWeighted,200,1.0538718844952106,"{""C"": 1.0, ""epsilon"": 0.05, ""gamma"": 0.01}",1.0538718844952106,0.8188169573351274,0.5077465466605512,-0.19153562033719146,0.2,0.5,0.55,1,2.7622912341568058,2.7622912341568058,-2.7622912341568058,1.0668338523079113,0.8072361022480923,0.6507737936051112,0.132034925914794,0.2,0.4,0.7,4,2.1715052023657684,2.2995717996758396,-2.1715052023657684,200.0,diag4_pair_verylight,4.0,0.35,0.35,0.15,0.15,0.0,1.0
52,04_selected_group_weighted_svr,A1FlatSelectedK400-GroupWeightedSVR-equal_weight,A1FlatSelected_k400_GroupWeighted,400,1.0917950523988387,"{""C"": 1.0, ""epsilon"": 0.1, ""gamma"": 0.03}",1.0917950523988387,0.8849525879576696,0.4446194088124716,-0.22186342869692596,0.2,0.5,0.6,1,1.90728258747943,1.90728258747943,-1.90728258747943,1.0791397112090102,0.8027559868691304,0.5726333472363305,0.16627231752778876,0.4,0.4,0.7,4,1.8285223427510764,2.06657048122307,-1.8285223427510764,400.0,equal_weight,1.0,1.0,1.0,1.0,1.0,1.0,1.0
52,04_selected_group_weighted_svr,A1FlatSelectedK400-GroupWeightedSVR-diag1p5_pair_aux,A1FlatSelected_k400_GroupWeighted,400,1.0651492201487522,"{""C"": 1.0, ""epsilon"": 0.1, ""gamma"": 0.03}",1.0651492201487522,0.8705456819906333,0.45366506576021465,-0.19339440385086687,0.2,0.6,0.55,1,1.7823050943054808,1.7823050943054808,-1.7823050943054808,1.082606006140771,0.7972701964540743,0.5796495404727571,0.17154853900398134,0.4,0.4,0.7,4,1.8730155765652772,2.1116231369996825,-1.8730155765652772,400.0,diag1p5_pair_aux,1.5,0.75,0.75,0.5,0.5,0.5,1.0
52,04_selected_group_weighted_svr,A1FlatSelectedK400-GroupWeightedSVR-diag2_pair_aux,A1FlatSelected_k400_GroupWeighted,400,1.072447578108585,"{""C"": 1.0, ""epsilon"": 0.05, ""gamma"": 0.01}",1.072447578108585,0.8506359212652134,0.47086406146549803,-0.190844000480454,0.2,0.5,0.55,1,1.7458509188424118,1.7458509188424118,-1.7458509188424118,1.0705178336073244,0.7715011425227724,0.5940843519940836,0.17507167573164667,0.4,0.5,0.75,4,1.8139009693767663,2.009497296314533,-1.8139009693767663,400.0,diag2_pair_aux,2.0,0.75,0.75,0.5,0.5,0.5,1.0
52,04_selected_group_weighted_svr,A1FlatSelectedK400-GroupWeightedSVR-diag2_pair_noheur,A1FlatSelected_k400_GroupWeighted,400,1.071678946361332,"{""C"": 1.0, ""epsilon"": 0.05, ""gamma"": 0.01}",1.071678946361332,0.851988959131799,0.46974428961896886,-0.193156969855824,0.4,0.6,0.6,1,1.7716680863477041,1.7716680863477041,-1.7716680863477041,1.0746274551044248,0.7745568614609347,0.5974262295705361,0.17248034349385358,0.4,0.5,0.75,4,1.822749991376953,2.018748589820319,-1.822749991376953,400.0,diag2_pair_noheur,2.0,0.75,0.75,0.5,0.5,0.0,1.0
52,04_selected_group_weighted_svr,A1FlatSelectedK400-GroupWeightedSVR-diag2_corepair_only,A1FlatSelected_k400_GroupWeighted,400,1.0772546790306197,"{""C"": 1.0, ""epsilon"": 0.05, ""gamma"": 0.01}",1.0772546790306197,0.8573456677528195,0.4669623564377481,-0.19753337944041205,0.4,0.6,0.6,1,1.7810820261517497,1.7810820261517497,-1.7810820261517497,1.0705349456146933,0.7742015767352152,0.607329385111228,0.168777626170552,0.4,0.5,0.75,4,1.8317959451799053,2.0290345217504444,-1.8317959451799053,400.0,diag2_corepair_only,2.0,0.75,0.0,0.0,0.0,0.0,1.0
52,04_selected_group_weighted_svr,A1FlatSelectedK400-GroupWeightedSVR-diag3_pair_light,A1FlatSelected_k400_GroupWeighted,400,1.0512449472177374,"{""C"": 1.0, ""epsilon"": 0.2, ""gamma"": 0.01}",1.0512449472177374,0.8663921994272293,0.4931895126556725,-0.18771186565023176,0.2,0.5,0.55,1,1.7205864014071945,1.7205864014071945,-1.7205864014071945,1.0797080367317071,0.7913411752873387,0.5957465424116909,0.16495386490611894,0.4,0.5,0.75,4,1.937341382842416,2.1697266616329136,-1.937341382842416,400.0,diag3_pair_light,3.0,0.5,0.5,0.25,0.25,0.25,1.0
52,04_selected_group_weighted_svr,A1FlatSelectedK400-GroupWeightedSVR-diag3_pair_noheur,A1FlatSelected_k400_GroupWeighted,400,1.050807265161816,"{""C"": 1.0, ""epsilon"": 0.2, ""gamma"": 0.01}",1.050807265161816,0.8660940010703747,0.49493915616587425,-0.1880446846111426,0.2,0.5,0.55,1,1.717596953406317,1.717596953406317,-1.717596953406317,1.0801466565627809,0.791600423864671,0.5965338957673996,0.164664213642635,0.4,0.5,0.75,4,1.9382380175230187,2.1701991405718766,-1.9382380175230187,400.0,diag3_pair_noheur,3.0,0.5,0.5,0.25,0.25,0.0,1.0
52,04_selected_group_weighted_svr,A1FlatSelectedK400-GroupWeightedSVR-diag4_pair_verylight,A1FlatSelected_k400_GroupWeighted,400,1.0728580342424534,"{""C"": 1.0, ""epsilon"": 0.2, ""gamma"": 0.01}",1.0728580342424534,0.9001085859353105,0.4689219571691741,-0.17746724530710348,0.4,0.6,0.5,1,1.9650469787470088,1.9650469787470088,-1.9650469787470088,1.0966900625202847,0.8126225312060408,0.5838662551111083,0.18464557748273003,0.4,0.5,0.65,4,1.9923871345049196,2.244961699817526,-1.9923871345049196,400.0,diag4_pair_verylight,4.0,0.35,0.35,0.15,0.15,0.0,1.0
62,01_anchor_baseline,A1FlatFull-TunedSVR,A1FlatFull,906,1.0167228425137862,"{""C"": 1.0, ""epsilon"": 0.05, ""gamma"": 0.03}",1.0167228425137862,0.7895692610724762,0.267223053313115,-0.08078867632861919,0.2,0.3,0.35,2,1.8627988384586047,1.9440564804330038,-1.8627988384586047,0.9844447951339206,0.7465733197467432,0.4853945954238048,0.06304759700929191,0.4,0.3,0.6,2,1.615738864150258,1.7110364244894578,-1.615738864150258,,,,,,,,,
62,01_anchor_baseline,A1FlatDiagOnly-TunedSVR,A1FlatDiagOnly,375,1.0017831574475748,"{""C"": 1.0, ""epsilon"": 0.2, ""gamma"": ""scale""}",1.0017831574475748,0.7391171720760326,0.36303353193176346,-0.11364393139654434,0.2,0.3,0.5,2,1.4345531745192743,1.5085691104314807,-1.4345531745192743,1.0010356360531774,0.762706501712012,0.46999746313438984,-0.05828101333730758,0.4,0.4,0.6,2,1.7904032703107875,1.834551993665975,-1.7904032703107875,,,,,,,,,
62,01_anchor_baseline,A1FlatPairOnly-TunedSVR,A1FlatPairOnly,450,1.0458024155839756,"{""C"": 1.0, ""epsilon"": 0.1, ""gamma"": 0.01}",1.0458024155839756,0.7960977188418265,0.28055533686085243,-0.16559326129932753,0.2,0.3,0.5,2,1.4041551801537184,1.4381612470445078,-1.4041551801537184,1.0590193915667512,0.8260957218619637,0.3889875512025819,-0.11388726219304966,0.4,0.3,0.55,2,1.654655594042548,1.6906756359958726,-1.654655594042548,,,,,,,,,
62,01_anchor_baseline,A1FlatNoHeur-TunedSVR,A1FlatNoHeur,831,1.0007188462182781,"{""C"": 1.0, ""epsilon"": 0.05, ""gamma"": 0.01}",1.0007188462182781,0.7368732724951522,0.37783551602807036,-0.11253149876674093,0.2,0.3,0.55,2,1.491179601294664,1.5220873540552726,-1.491179601294664,0.9948399171297383,0.7529648654206849,0.44809154310444954,-0.016404579011652855,0.4,0.3,0.55,2,1.6303995495768435,1.705567910417994,-1.6303995495768435,,,,,,,,,
62,01_anchor_baseline,A1FlatNoPairwise-TunedSVR,A1FlatNoPairwise,456,1.013268953578471,"{""C"": 1.0, ""epsilon"": 0.05, ""gamma"": ""scale""}",1.013268953578471,0.7351203488164932,0.33684136858404307,-0.06337812019716405,0.2,0.3,0.5,2,1.3034006262820235,1.3750415677920782,-1.3034006262820235,1.0142082204154865,0.7658328499729926,0.46186147845873315,0.009254723122095264,0.4,0.4,0.6,2,1.7616818039572266,1.825457902711256,-1.7616818039572266,,,,,,,,,
62,01_anchor_baseline,A1FlatDiagCorePair-TunedSVR,A1FlatDiagCorePair,700,0.9973130948398948,"{""C"": 1.0, ""epsilon"": 0.05, ""gamma"": 0.03}",0.9973130948398948,0.7677194067974086,0.3201147766265142,-0.09219007488724007,0.2,0.3,0.45,2,1.750684418062257,1.8060716886340051,-1.750684418062257,0.9747516607006429,0.7460933390808099,0.4931456517922262,0.038338801922958646,0.4,0.3,0.6,2,1.5915334390255798,1.6716903404531982,-1.5915334390255798,,,,,,,,,
62,01_anchor_baseline,A1FlatDiagCoreTerminalPair-TunedSVR,A1FlatDiagCoreTerminalPair,775,0.9988381524868318,"{""C"": 1.0, ""epsilon"": 0.1, ""gamma"": 0.01}",0.9988381524868318,0.73168159428878,0.368597398294205,-0.11316248299910395,0.2,0.3,0.55,2,1.482960645772637,1.5262959128520834,-1.482960645772637,0.9932183218226003,0.7542183375074563,0.45493276892849643,-0.027582203875032026,0.4,0.3,0.45,2,1.5850481654540234,1.6518937380229517,-1.5850481654540234,,,,,,,,,
62,02_selected_svr_baseline,A1FlatSelected-TunedSVR,A1FlatSelected_k200,200,0.9663380383713613,"{""C"": 1.0, ""epsilon"": 0.05, ""gamma"": ""scale""}",0.9663380383713613,0.7297484873731772,0.41022141740190493,-0.06714708579320963,0.2,0.3,0.55,2,1.430937814168384,1.4584934169141328,-1.430937814168384,1.033707231951345,0.7872339742414042,0.41416536184402286,0.0013986155932371768,0.4,0.4,0.55,2,2.047391846565857,2.091510863124493,-2.047391846565857,200.0,,,,,,,,
62,03_full_group_weighted_svr,A1FlatFull-GroupWeightedSVR-equal_weight,A1FlatFull_GroupWeighted,906,1.0167228425137862,"{""C"": 1.0, ""epsilon"": 0.05, ""gamma"": 0.03}",1.0167228425137862,0.7895692610724762,0.267223053313115,-0.08078867632861919,0.2,0.3,0.35,2,1.8627988384586047,1.9440564804330038,-1.8627988384586047,0.9844447951339206,0.7465733197467432,0.4853945954238048,0.06304759700929191,0.4,0.3,0.6,2,1.615738864150258,1.7110364244894578,-1.615738864150258,,equal_weight,1.0,1.0,1.0,1.0,1.0,1.0,1.0
62,03_full_group_weighted_svr,A1FlatFull-GroupWeightedSVR-diag1p5_pair_aux,A1FlatFull_GroupWeighted,906,1.0015024341374184,"{""C"": 1.0, ""epsilon"": 0.05, ""gamma"": 0.03}",1.0015024341374184,0.7796873203881536,0.2860142246126819,-0.089286271535849,0.2,0.4,0.4,2,1.9210679706497165,2.0203740133632144,-1.9210679706497165,0.9795130160251287,0.7447892997202143,0.49739735991305317,0.06216688253117918,0.4,0.3,0.6,2,1.6474856716461361,1.7538087091137131,-1.6474856716461361,,diag1p5_pair_aux,1.5,0.75,0.75,0.5,0.5,0.5,1.0
62,03_full_group_weighted_svr,A1FlatFull-GroupWeightedSVR-diag2_pair_aux,A1FlatFull_GroupWeighted,906,0.998922357849999,"{""C"": 1.0, ""epsilon"": 0.2, ""gamma"": 0.03}",0.998922357849999,0.7883407464472428,0.2901783761669621,-0.09891538905713387,0.2,0.4,0.4,2,2.0970829700344344,2.1960065939457007,-2.0970829700344344,1.0053123724809316,0.7845178067764683,0.5084028101517373,0.08422135020480691,0.4,0.3,0.55,2,1.7214853665777812,1.7766985966542885,-1.7214853665777812,,diag2_pair_aux,2.0,0.75,0.75,0.5,0.5,0.5,1.0
62,03_full_group_weighted_svr,A1FlatFull-GroupWeightedSVR-diag2_pair_noheur,A1FlatFull_GroupWeighted,906,0.9978726383871291,"{""C"": 1.0, ""epsilon"": 0.2, ""gamma"": 0.03}",0.9978726383871291,0.7880505865628531,0.2832322914314611,-0.0994245834297973,0.2,0.4,0.4,2,2.08804608162375,2.1847925342501107,-2.08804608162375,1.0020732363679836,0.7815843399976056,0.5033462519339635,0.08336716022491757,0.4,0.3,0.6,2,1.7041963200354595,1.7640399140910832,-1.7041963200354595,,diag2_pair_noheur,2.0,0.75,0.75,0.5,0.5,0.0,1.0
62,03_full_group_weighted_svr,A1FlatFull-GroupWeightedSVR-diag2_corepair_only,A1FlatFull_GroupWeighted,906,0.9977531802094679,"{""C"": 1.0, ""epsilon"": 0.2, ""gamma"": 0.03}",0.9977531802094679,0.7879528260993993,0.2849469420714588,-0.09949836874192519,0.2,0.4,0.4,2,2.0883248931026914,2.1852627494573387,-2.0883248931026914,1.0020800947339974,0.7816718784877358,0.5023664344246371,0.08295531309848744,0.4,0.3,0.6,2,1.7046224357685296,1.7643781283189623,-1.7046224357685296,,diag2_corepair_only,2.0,0.75,0.0,0.0,0.0,0.0,1.0
62,03_full_group_weighted_svr,A1FlatFull-GroupWeightedSVR-diag3_pair_light,A1FlatFull_GroupWeighted,906,1.0026261304632922,"{""C"": 1.0, ""epsilon"": 0.1, ""gamma"": ""scale""}",1.0026261304632922,0.7285637114770989,0.37211418174971056,-0.09536068370399754,0.2,0.3,0.5,2,1.3511465943327385,1.4348696619229286,-1.3511465943327385,0.9904490231247886,0.7499318278253734,0.47946320014413246,-0.035090932912026675,0.4,0.4,0.65,2,1.760993554009529,1.825478130438524,-1.760993554009529,,diag3_pair_light,3.0,0.5,0.5,0.25,0.25,0.25,1.0
62,03_full_group_weighted_svr,A1FlatFull-GroupWeightedSVR-diag3_pair_noheur,A1FlatFull_GroupWeighted,906,1.0025792510378309,"{""C"": 1.0, ""epsilon"": 0.1, ""gamma"": ""scale""}",1.0025792510378309,0.7286456509405546,0.3722891461007308,-0.09653522454038486,0.2,0.3,0.5,2,1.3513632851112711,1.4355558478104833,-1.3513632851112711,0.9903617802376448,0.7508744709275508,0.4794981936266084,-0.03660132686345439,0.4,0.4,0.65,2,1.7610144028131054,1.8254078749021523,-1.7610144028131054,,diag3_pair_noheur,3.0,0.5,0.5,0.25,0.25,0.0,1.0
62,03_full_group_weighted_svr,A1FlatFull-GroupWeightedSVR-diag4_pair_verylight,A1FlatFull_GroupWeighted,906,1.0013840954360254,"{""C"": 1.0, ""epsilon"": 0.2, ""gamma"": 0.01}",1.0013840954360254,0.7874083881442038,0.295042385125323,-0.10101855869538616,0.2,0.4,0.4,2,2.1352341682716434,2.245729933173971,-2.1352341682716434,1.0048464616674941,0.7876451639298055,0.4900487285931052,0.08664144608527692,0.4,0.3,0.6,2,1.7462115395804532,1.813818571572757,-1.7462115395804532,,diag4_pair_verylight,4.0,0.35,0.35,0.15,0.15,0.0,1.0
62,04_selected_group_weighted_svr,A1FlatSelectedK50-GroupWeightedSVR-equal_weight,A1FlatSelected_k50_GroupWeighted,50,1.0407895255845898,"{""C"": 1.0, ""epsilon"": 0.05, ""gamma"": 0.01}",1.0407895255845898,0.8065809665877097,0.2697950292731116,-0.16541637480782895,0.2,0.2,0.55,2,1.5644214481206231,1.5706912839656797,-1.5644214481206231,1.07103147889596,0.8270805675870376,0.3939041354904519,-0.10431768477769113,0.4,0.3,0.55,2,1.9607867953178992,1.9611573302647465,-1.9607867953178992,50.0,equal_weight,1.0,1.0,1.0,1.0,1.0,1.0,1.0
62,04_selected_group_weighted_svr,A1FlatSelectedK50-GroupWeightedSVR-diag1p5_pair_aux,A1FlatSelected_k50_GroupWeighted,50,1.0402722720857178,"{""C"": 1.0, ""epsilon"": 0.05, ""gamma"": 0.01}",1.0402722720857178,0.8074173705181791,0.2767236175735106,-0.17476336801865583,0.2,0.3,0.55,2,1.5376242361940973,1.549266790466543,-1.5376242361940973,1.0866834934104976,0.840205221766522,0.3686213444015831,-0.11590573675971716,0.4,0.2,0.55,2,1.9133769415188402,1.9137332406400984,-1.9133769415188402,50.0,diag1p5_pair_aux,1.5,0.75,0.75,0.5,0.5,0.5,1.0
62,04_selected_group_weighted_svr,A1FlatSelectedK50-GroupWeightedSVR-diag2_pair_aux,A1FlatSelected_k50_GroupWeighted,50,1.0350280887148748,"{""C"": 1.0, ""epsilon"": 0.05, ""gamma"": 0.03}",1.0350280887148748,0.809761494615945,0.32377153156283595,-0.18312379607767756,0.2,0.2,0.6,2,1.4886429910811092,1.514293844581557,-1.4886429910811092,1.1337864445543018,0.869262207647081,0.298161967436272,-0.09249292527121664,0.4,0.2,0.45,2,2.097239014296509,2.1235465327242036,-2.097239014296509,50.0,diag2_pair_aux,2.0,0.75,0.75,0.5,0.5,0.5,1.0
62,04_selected_group_weighted_svr,A1FlatSelectedK50-GroupWeightedSVR-diag2_pair_noheur,A1FlatSelected_k50_GroupWeighted,50,1.0380533089016355,"{""C"": 1.0, ""epsilon"": 0.05, ""gamma"": 0.03}",1.0380533089016355,0.8163166550882633,0.3012886124567433,-0.18394352749745566,0.2,0.2,0.6,2,1.4886765691821142,1.5144776644911544,-1.4886765691821142,1.1330268611616199,0.8680923966470433,0.2925105200164072,-0.09507545126834377,0.4,0.2,0.45,2,2.093424225790316,2.1198371062269805,-2.093424225790316,50.0,diag2_pair_noheur,2.0,0.75,0.75,0.5,0.5,0.0,1.0
62,04_selected_group_weighted_svr,A1FlatSelectedK50-GroupWeightedSVR-diag2_corepair_only,A1FlatSelected_k50_GroupWeighted,50,1.0389410510257868,"{""C"": 1.0, ""epsilon"": 0.05, ""gamma"": 0.03}",1.0389410510257868,0.8150076873873898,0.3082871864975503,-0.20314854259866671,0.2,0.2,0.6,2,1.4903546529058143,1.5153276863499263,-1.4903546529058143,1.1296404860165266,0.8665259454537706,0.31186191582560363,-0.10813077042922115,0.4,0.2,0.5,2,2.0900150654627776,2.1150547504721473,-2.0900150654627776,50.0,diag2_corepair_only,2.0,0.75,0.0,0.0,0.0,0.0,1.0
62,04_selected_group_weighted_svr,A1FlatSelectedK50-GroupWeightedSVR-diag3_pair_light,A1FlatSelected_k50_GroupWeighted,50,1.035228802983285,"{""C"": 1.0, ""epsilon"": 0.05, ""gamma"": ""scale""}",1.035228802983285,0.8087784713633105,0.29525234234654724,-0.17227580089275607,0.2,0.3,0.5,2,1.5233333815805898,1.5376092649060282,-1.5233333815805898,1.1299515425761106,0.8763468196878684,0.2925105200164072,-0.10641940156563562,0.4,0.2,0.4,2,1.9071825276882541,1.9076971435607066,-1.9071825276882541,50.0,diag3_pair_light,3.0,0.5,0.5,0.25,0.25,0.25,1.0
62,04_selected_group_weighted_svr,A1FlatSelectedK50-GroupWeightedSVR-diag3_pair_noheur,A1FlatSelected_k50_GroupWeighted,50,1.035423772624733,"{""C"": 1.0, ""epsilon"": 0.05, ""gamma"": ""scale""}",1.035423772624733,0.8094931587429947,0.2962321427122602,-0.17264415361177227,0.2,0.3,0.5,2,1.5238281352126601,1.5381960703372635,-1.5238281352126601,1.1300615094963375,0.8764303894506812,0.2918981340730782,-0.1067682415495989,0.4,0.2,0.4,2,1.9073900501320167,1.907917905057573,-1.9073900501320167,50.0,diag3_pair_noheur,3.0,0.5,0.5,0.25,0.25,0.0,1.0
62,04_selected_group_weighted_svr,A1FlatSelectedK50-GroupWeightedSVR-diag4_pair_verylight,A1FlatSelected_k50_GroupWeighted,50,1.0319519345773662,"{""C"": 2.0, ""epsilon"": 0.05, ""gamma"": ""scale""}",1.0319519345773662,0.8063087144918654,0.2834772415228894,-0.16570998150895663,0.2,0.3,0.5,2,1.4968242162611722,1.5100919310337777,-1.4968242162611722,1.1385088077904755,0.884930594662841,0.2820124752736243,-0.09593941797259496,0.4,0.2,0.35,2,1.8709330320460396,1.8714563449168617,-1.8709330320460396,50.0,diag4_pair_verylight,4.0,0.35,0.35,0.15,0.15,0.0,1.0
62,04_selected_group_weighted_svr,A1FlatSelectedK100-GroupWeightedSVR-equal_weight,A1FlatSelected_k100_GroupWeighted,100,1.0096318425799127,"{""C"": 1.0, ""epsilon"": 0.1, ""gamma"": 0.01}",1.0096318425799127,0.7689332730119434,0.2824624482869723,-0.1519131173653882,0.2,0.2,0.5,2,1.5050398499888407,1.5486703676719071,-1.5050398499888407,1.0731691635964293,0.8369309877668055,0.336794772089713,-0.031560815422593876,0.4,0.3,0.5,2,1.9180030569427218,1.951902535577234,-1.9180030569427218,100.0,equal_weight,1.0,1.0,1.0,1.0,1.0,1.0,1.0
62,04_selected_group_weighted_svr,A1FlatSelectedK100-GroupWeightedSVR-diag1p5_pair_aux,A1FlatSelected_k100_GroupWeighted,100,1.0151799989269699,"{""C"": 1.0, ""epsilon"": 0.1, ""gamma"": 0.01}",1.0151799989269699,0.7739707815350781,0.2766711282682045,-0.1475929496377575,0.2,0.2,0.5,2,1.5747166692850558,1.6162226521096472,-1.5747166692850558,1.0809924304088794,0.8420380833164974,0.3359024382865764,-0.052619681112521265,0.4,0.3,0.5,2,1.865746774661262,1.8774891033498733,-1.865746774661262,100.0,diag1p5_pair_aux,1.5,0.75,0.75,0.5,0.5,0.5,1.0
62,04_selected_group_weighted_svr,A1FlatSelectedK100-GroupWeightedSVR-diag2_pair_aux,A1FlatSelected_k100_GroupWeighted,100,1.0222582130220819,"{""C"": 1.0, ""epsilon"": 0.1, ""gamma"": 0.01}",1.0222582130220819,0.7880475523949838,0.26440612726169016,-0.1643835806936032,0.2,0.2,0.55,2,1.6338801963866878,1.678701233875242,-1.6338801963866878,1.0874560809146445,0.8407524241975,0.3343102348339211,-0.06827684161058549,0.4,0.3,0.45,2,1.8719323752410197,1.8823114535875798,-1.8719323752410197,100.0,diag2_pair_aux,2.0,0.75,0.75,0.5,0.5,0.5,1.0
62,04_selected_group_weighted_svr,A1FlatSelectedK100-GroupWeightedSVR-diag2_pair_noheur,A1FlatSelected_k100_GroupWeighted,100,1.0272055929777648,"{""C"": 1.0, ""epsilon"": 0.1, ""gamma"": 0.01}",1.0272055929777648,0.7955171968784019,0.2536108268037453,-0.1595283155841647,0.2,0.2,0.55,2,1.6161562532063969,1.658716429247665,-1.6161562532063969,1.089577741881439,0.8414531758689832,0.33716220365571037,-0.06257966251065185,0.4,0.3,0.45,2,1.8682865305573157,1.879701371016784,-1.8682865305573157,100.0,diag2_pair_noheur,2.0,0.75,0.75,0.5,0.5,0.0,1.0
62,04_selected_group_weighted_svr,A1FlatSelectedK100-GroupWeightedSVR-diag2_corepair_only,A1FlatSelected_k100_GroupWeighted,100,1.0273257949178731,"{""C"": 1.0, ""epsilon"": 0.2, ""gamma"": ""scale""}",1.0273257949178731,0.7901982448722508,0.23607939883152362,-0.16097069010245021,0.2,0.2,0.55,2,1.6799785250087305,1.7290162026417086,-1.6799785250087305,1.0792898136532147,0.8235853714463034,0.3393317995692189,-0.04690038748751129,0.4,0.3,0.5,2,1.8867966181288152,1.9155358104511961,-1.8867966181288152,100.0,diag2_corepair_only,2.0,0.75,0.0,0.0,0.0,0.0,1.0
62,04_selected_group_weighted_svr,A1FlatSelectedK100-GroupWeightedSVR-diag3_pair_light,A1FlatSelected_k100_GroupWeighted,100,1.0235709533046091,"{""C"": 1.0, ""epsilon"": 0.1, ""gamma"": 0.01}",1.0235709533046091,0.7958572748916416,0.24433771619967598,-0.15852254437989113,0.2,0.3,0.5,2,1.6893641413048375,1.7290867540522328,-1.6893641413048375,1.1047713175220542,0.8506981411525357,0.31201938649674543,-0.07186870506744591,0.4,0.3,0.45,2,1.8683606349134032,1.87164626769306,-1.8683606349134032,100.0,diag3_pair_light,3.0,0.5,0.5,0.25,0.25,0.25,1.0
62,04_selected_group_weighted_svr,A1FlatSelectedK100-GroupWeightedSVR-diag3_pair_noheur,A1FlatSelected_k100_GroupWeighted,100,1.0248568269523,"{""C"": 1.0, ""epsilon"": 0.1, ""gamma"": 0.01}",1.0248568269523,0.7985333011861087,0.24514255221436876,-0.16062001528447725,0.2,0.3,0.5,2,1.6861715348152844,1.724776816099571,-1.6861715348152844,1.1057798277862656,0.8513714993908925,0.3133841323133072,-0.07306799117817861,0.4,0.3,0.45,2,1.8700410954521463,1.8734289898429464,-1.8700410954521463,100.0,diag3_pair_noheur,3.0,0.5,0.5,0.25,0.25,0.0,1.0
62,04_selected_group_weighted_svr,A1FlatSelectedK100-GroupWeightedSVR-diag4_pair_verylight,A1FlatSelected_k100_GroupWeighted,100,1.0237229932676122,"{""C"": 1.0, ""epsilon"": 0.1, ""gamma"": 0.01}",1.0237229932676122,0.8072528461230873,0.23756659581519518,-0.17170263471840164,0.2,0.3,0.4,2,1.7552876560036714,1.7940312898185917,-1.7552876560036714,1.1171683383109072,0.8548307621232037,0.3100597514780926,-0.07467705571220563,0.4,0.2,0.5,2,1.9031432149531904,1.9047028172923608,-1.9031432149531904,100.0,diag4_pair_verylight,4.0,0.35,0.35,0.15,0.15,0.0,1.0
62,04_selected_group_weighted_svr,A1FlatSelectedK200-GroupWeightedSVR-equal_weight,A1FlatSelected_k200_GroupWeighted,200,0.9663380383713613,"{""C"": 1.0, ""epsilon"": 0.05, ""gamma"": ""scale""}",0.9663380383713613,0.7297484873731772,0.41022141740190493,-0.06714708579320963,0.2,0.3,0.55,2,1.430937814168384,1.4584934169141328,-1.430937814168384,1.033707231951345,0.7872339742414042,0.41416536184402286,0.0013986155932371768,0.4,0.4,0.55,2,2.047391846565857,2.091510863124493,-2.047391846565857,200.0,equal_weight,1.0,1.0,1.0,1.0,1.0,1.0,1.0
62,04_selected_group_weighted_svr,A1FlatSelectedK200-GroupWeightedSVR-diag1p5_pair_aux,A1FlatSelected_k200_GroupWeighted,200,0.9608724280808718,"{""C"": 1.0, ""epsilon"": 0.05, ""gamma"": ""scale""}",0.9608724280808718,0.7161500358954017,0.40798187370884664,-0.08298995481295098,0.2,0.3,0.55,2,1.4265677987599794,1.4608393402119995,-1.4265677987599794,1.0305865021848413,0.7859211863791146,0.412888099733651,-0.026935011109760498,0.4,0.4,0.55,2,2.0059159637957302,2.041204633215337,-2.0059159637957302,200.0,diag1p5_pair_aux,1.5,0.75,0.75,0.5,0.5,0.5,1.0
62,04_selected_group_weighted_svr,A1FlatSelectedK200-GroupWeightedSVR-diag2_pair_aux,A1FlatSelected_k200_GroupWeighted,200,0.9705436135819209,"{""C"": 1.0, ""epsilon"": 0.1, ""gamma"": ""scale""}",0.9705436135819209,0.7220393300048734,0.40152568915620224,-0.09695277409169592,0.2,0.3,0.55,2,1.4477683673298318,1.487530912271438,-1.4477683673298318,1.022926281755831,0.7820069784039085,0.43388418921921673,-0.04516366540819292,0.4,0.4,0.6,2,2.0288710094967892,2.059566350433874,-2.0288710094967892,200.0,diag2_pair_aux,2.0,0.75,0.75,0.5,0.5,0.5,1.0
62,04_selected_group_weighted_svr,A1FlatSelectedK200-GroupWeightedSVR-diag2_pair_noheur,A1FlatSelected_k200_GroupWeighted,200,0.9770576358664272,"{""C"": 1.0, ""epsilon"": 0.05, ""gamma"": ""scale""}",0.9770576358664272,0.7310156483999585,0.3970466017700857,-0.1106008399782993,0.2,0.3,0.55,2,1.445298274209768,1.4763759201435889,-1.445298274209768,1.0296449129001501,0.7879626589570257,0.42692048620650414,-0.06439825606735972,0.4,0.4,0.6,2,1.9821130650332768,2.0143759966605823,-1.9821130650332768,200.0,diag2_pair_noheur,2.0,0.75,0.75,0.5,0.5,0.0,1.0
62,04_selected_group_weighted_svr,A1FlatSelectedK200-GroupWeightedSVR-diag2_corepair_only,A1FlatSelected_k200_GroupWeighted,200,0.9798202179792518,"{""C"": 1.0, ""epsilon"": 0.05, ""gamma"": ""scale""}",0.9798202179792518,0.7340438844803534,0.39548941904600615,-0.1106187621242638,0.2,0.3,0.55,2,1.4427546266140694,1.4818420342058658,-1.4427546266140694,1.0276661965652774,0.7868815562943278,0.42821524505811404,-0.0659045822676853,0.4,0.4,0.6,2,1.9861285751072506,2.0244928836669893,-1.9861285751072506,200.0,diag2_corepair_only,2.0,0.75,0.0,0.0,0.0,0.0,1.0
62,04_selected_group_weighted_svr,A1FlatSelectedK200-GroupWeightedSVR-diag3_pair_light,A1FlatSelected_k200_GroupWeighted,200,0.9767425395987964,"{""C"": 1.0, ""epsilon"": 0.2, ""gamma"": ""scale""}",0.9767425395987964,0.729044139680894,0.3995310955545722,-0.11261778535540813,0.2,0.3,0.5,2,1.5654641536751002,1.597919005381794,-1.5654641536751002,1.0137299247992964,0.7703271634950858,0.44006053887622065,-0.054662296235352445,0.4,0.4,0.5,2,1.980766271806574,1.998437458136745,-1.980766271806574,200.0,diag3_pair_light,3.0,0.5,0.5,0.25,0.25,0.25,1.0
62,04_selected_group_weighted_svr,A1FlatSelectedK200-GroupWeightedSVR-diag3_pair_noheur,A1FlatSelected_k200_GroupWeighted,200,0.976369204953472,"{""C"": 1.0, ""epsilon"": 0.2, ""gamma"": ""scale""}",0.976369204953472,0.7285166575484834,0.40329282910150593,-0.11327138331593112,0.2,0.3,0.5,2,1.5623190326911192,1.595183506526102,-1.5623190326911192,1.0141843858220356,0.7711144408242983,0.4421251543423013,-0.05733592612846397,0.4,0.4,0.55,2,1.9777961128168142,1.9951884266676843,-1.9777961128168142,200.0,diag3_pair_noheur,3.0,0.5,0.5,0.25,0.25,0.0,1.0
62,04_selected_group_weighted_svr,A1FlatSelectedK200-GroupWeightedSVR-diag4_pair_verylight,A1FlatSelected_k200_GroupWeighted,200,0.9590537321230238,"{""C"": 1.0, ""epsilon"": 0.1, ""gamma"": 0.03}",0.9590537321230238,0.7445879076833553,0.34914136246076144,-0.09826192421155856,0.2,0.2,0.55,2,1.8925116008084575,2.0535380176084064,-1.8925116008084575,1.0512300208531056,0.8087249763784863,0.4101761048417654,0.0751873043924901,0.4,0.2,0.5,2,2.0064514819692647,2.2080494932928203,-2.0064514819692647,200.0,diag4_pair_verylight,4.0,0.35,0.35,0.15,0.15,0.0,1.0
62,04_selected_group_weighted_svr,A1FlatSelectedK400-GroupWeightedSVR-equal_weight,A1FlatSelected_k400_GroupWeighted,400,1.0195371691883148,"{""C"": 1.0, ""epsilon"": 0.1, ""gamma"": ""scale""}",1.0195371691883148,0.7511998036145527,0.3358790646534321,-0.10468304782990123,0.2,0.3,0.55,2,1.3685826869672262,1.395248172902441,-1.3685826869672262,1.0038510156768274,0.7499328943937591,0.462596341590728,-0.0444118671171417,0.4,0.4,0.6,2,1.7631767297538383,1.799342320372792,-1.7631767297538383,400.0,equal_weight,1.0,1.0,1.0,1.0,1.0,1.0,1.0
62,04_selected_group_weighted_svr,A1FlatSelectedK400-GroupWeightedSVR-diag1p5_pair_aux,A1FlatSelected_k400_GroupWeighted,400,1.0029715304967783,"{""C"": 1.0, ""epsilon"": 0.05, ""gamma"": 0.03}",1.0029715304967783,0.7812576835626288,0.29254039490573447,-0.0916968133445492,0.2,0.4,0.4,2,1.9226566824606235,2.021950234283295,-1.9226566824606235,0.9808999162589596,0.7461796174402198,0.49563018904801814,0.06168258668273601,0.4,0.3,0.6,2,1.6510933498211868,1.7537148260544406,-1.6510933498211868,400.0,diag1p5_pair_aux,1.5,0.75,0.75,0.5,0.5,0.5,1.0
62,04_selected_group_weighted_svr,A1FlatSelectedK400-GroupWeightedSVR-diag2_pair_aux,A1FlatSelected_k400_GroupWeighted,400,0.9991298882678513,"{""C"": 1.0, ""epsilon"": 0.2, ""gamma"": 0.03}",0.9991298882678513,0.7902551358355088,0.28356472369839947,-0.10111001690557246,0.2,0.4,0.4,2,2.098233410113849,2.196211462009055,-2.098233410113849,1.0038884713988632,0.7836305683773801,0.49975941998017936,0.08141535853368809,0.4,0.3,0.6,2,1.7156832773235338,1.770915686964081,-1.7156832773235338,400.0,diag2_pair_aux,2.0,0.75,0.75,0.5,0.5,0.5,1.0
62,04_selected_group_weighted_svr,A1FlatSelectedK400-GroupWeightedSVR-diag2_pair_noheur,A1FlatSelected_k400_GroupWeighted,400,0.996760845973766,"{""C"": 1.0, ""epsilon"": 0.05, ""gamma"": ""scale""}",0.996760845973766,0.7289865554332243,0.36597293302890244,-0.08594779315578935,0.2,0.3,0.5,2,1.3392459141127224,1.3967211263154455,-1.3392459141127224,0.993547876350476,0.7639297441141119,0.47223704601285027,-0.03672350067897823,0.4,0.4,0.6,2,1.7124800045923143,1.771253402189108,-1.7124800045923143,400.0,diag2_pair_noheur,2.0,0.75,0.75,0.5,0.5,0.0,1.0
62,04_selected_group_weighted_svr,A1FlatSelectedK400-GroupWeightedSVR-diag2_corepair_only,A1FlatSelected_k400_GroupWeighted,400,0.9981354502854345,"{""C"": 1.0, ""epsilon"": 0.2, ""gamma"": 0.03}",0.9981354502854345,0.7899932583834367,0.28932105084696325,-0.10169943980288426,0.2,0.4,0.4,2,2.089739537046904,2.1856727950519192,-2.089739537046904,1.0003029301427624,0.7806983494528631,0.49779978496152655,0.07994207982320184,0.4,0.3,0.6,2,1.6989876897307166,1.758689722367542,-1.6989876897307166,400.0,diag2_corepair_only,2.0,0.75,0.0,0.0,0.0,0.0,1.0
62,04_selected_group_weighted_svr,A1FlatSelectedK400-GroupWeightedSVR-diag3_pair_light,A1FlatSelected_k400_GroupWeighted,400,0.9917551763640476,"{""C"": 1.0, ""epsilon"": 0.2, ""gamma"": ""scale""}",0.9917551763640476,0.7356286868432557,0.3809323850411275,-0.1109935447764979,0.2,0.3,0.5,2,1.45254654107148,1.5167801606096063,-1.45254654107148,1.0040447306951035,0.7696571325899917,0.46915761955496726,-0.057096179469916075,0.4,0.4,0.6,2,1.8092880521574721,1.8521827212448227,-1.8092880521574721,400.0,diag3_pair_light,3.0,0.5,0.5,0.25,0.25,0.25,1.0
62,04_selected_group_weighted_svr,A1FlatSelectedK400-GroupWeightedSVR-diag3_pair_noheur,A1FlatSelected_k400_GroupWeighted,400,0.9915373320877713,"{""C"": 1.0, ""epsilon"": 0.2, ""gamma"": ""scale""}",0.9915373320877713,0.7356312748891127,0.3813173066133719,-0.11149212263691415,0.2,0.3,0.5,2,1.4538477516275408,1.5184928684836303,-1.4538477516275408,1.003634079306574,0.7700636438062718,0.4684402531642104,-0.05835143760368623,0.4,0.4,0.6,2,1.8091963128464712,1.852060600720796,-1.8091963128464712,400.0,diag3_pair_noheur,3.0,0.5,0.5,0.25,0.25,0.0,1.0
62,04_selected_group_weighted_svr,A1FlatSelectedK400-GroupWeightedSVR-diag4_pair_verylight,A1FlatSelected_k400_GroupWeighted,400,0.9903334457654906,"{""C"": 1.0, ""epsilon"": 0.2, ""gamma"": ""scale""}",0.9903334457654906,0.7354628297181574,0.37909525935541566,-0.11174874050598523,0.2,0.3,0.5,2,1.4557626765111036,1.5266374657872488,-1.4557626765111036,1.002600387817769,0.7692974476354791,0.47032990121791135,-0.05734505450023149,0.4,0.4,0.6,2,1.8063600774989932,1.8489119307841104,-1.8063600774989932,400.0,diag4_pair_verylight,4.0,0.35,0.35,0.15,0.15,0.0,1.0
